path,2
d:\nepali_notetaker_project\nepali_notetaker_package\DataSet\asr_nepali_4\asr_nepali\data\4d\processed_wav\4de28d4653.wav,०५९ मा पहिलो
d:\nepali_notetaker_project\nepali_notetaker_package\DataSet\asr_nepali_4\asr_nepali\data\4d\processed_wav\4d43c1ae43.wav,१३ हजार ८३० वटा नम्बर
d:\nepali_notetaker_project\nepali_notetaker_package\DataSet\asr_nepali_4\asr_nepali\data\4d\processed_wav\4d42be2160.wav,१५ मा अनुच्छेद
d:\nepali_notetaker_project\nepali_notetaker_package\DataSet\asr_nepali_4\asr_nepali\data\4d\processed_wav\4db2fd2481.wav,१८५४ मा गौसका एक छात्र
d:\nepali_notetaker_project\nepali_notetaker_package\DataSet\asr_nepali_4\asr_nepali\data\4d\processed_wav\4db1b4e795.wav,१९२४ मा पहिलो
d:\nepali_notetaker_project\nepali_notetaker_package\DataSet\asr_nepali_4\asr_nepali\data\4d\processed_wav\4d65695655.wav,१९४७ मा भारतमा
d:\nepali_notetaker_project\nepali_notetaker_package\DataSet\asr_nepali_4\asr_nepali\data\4d\processed_wav\4d1d1cad2c.wav,१ करोड ९० लाख
d:\nepali_notetaker_project\nepali_notetaker_package\DataSet\asr_nepali_4\asr_nepali\data\4d\processed_wav\4d9ce0a8c1.wav,१ चम्चा कालो
d:\nepali_notetaker_project\nepali_notetaker_package\DataSet\asr_nepali_4\asr_nepali\data\4d\processed_wav\4d8c3b26e9.wav,२००४ अनुसार
d:\nepali_notetaker_project\nepali_notetaker_package\DataSet\asr_nepali_4\asr_nepali\data\4d\processed_wav\4d4afdbad7.wav,२०६८ को जनगणनाअनुसार
d:\nepali_notetaker_project\nepali_notetaker_package\DataSet\asr_nepali_4\asr_nepali\data\4d\processed_wav\4df0b25f16.wav,२१ वटा आइतबारसम्म
d:\nepali_notetaker_project\nepali_notetaker_package\DataSet\asr_nepali_4\asr_nepali\data\4d\processed_wav\4d380fff65.wav,२५ करोड अमेरिकी
d:\nepali_notetaker_project\nepali_notetaker_package\DataSet\asr_nepali_4\asr_nepali\data\4d\processed_wav\4dd0e80394.wav,३० वर्ष ७ महिनाको
d:\nepali_notetaker_project\nepali_notetaker_package\DataSet\asr_nepali_4\asr_nepali\data\4d\processed_wav\4d13695a53.wav,४५० वर्षसम्म शासन
d:\nepali_notetaker_project\nepali_notetaker_package\DataSet\asr_nepali_4\asr_nepali\data\4d\processed_wav\4dfe76e619.wav,६० गुणहरू
d:\nepali_notetaker_project\nepali_notetaker_package\DataSet\asr_nepali_4\asr_nepali\data\4d\processed_wav\4dbf7191bb.wav,६३० मा हजरत मुहम्मद
d:\nepali_notetaker_project\nepali_notetaker_package\DataSet\asr_nepali_4\asr_nepali\data\4d\processed_wav\4dd036b4db.wav,९० प्रतिशत महिलामा असामान्य रूपमा योनिबाट रक्तश्राव हुन्छ।
d:\nepali_notetaker_project\nepali_notetaker_package\DataSet\asr_nepali_4\asr_nepali\data\4d\processed_wav\4d2d4edf65.wav,अघि बढेका केही
d:\nepali_notetaker_project\nepali_notetaker_package\DataSet\asr_nepali_4\asr_nepali\data\4d\processed_wav\4d1336182a.wav,अज्ञात थियो
d:\nepali_notetaker_project\nepali_notetaker_package\DataSet\asr_nepali_4\asr_nepali\data\4d\processed_wav\4d568bb900.wav,अञ्चलको अर्घाखाँची जिल्ला
d:\nepali_notetaker_project\nepali_notetaker_package\DataSet\asr_nepali_4\asr_nepali\data\4d\processed_wav\4d71c78f07.wav,अञ्चलको बैतडी जिल्लाको
d:\nepali_notetaker_project\nepali_notetaker_package\DataSet\asr_nepali_4\asr_nepali\data\4d\processed_wav\4d75fb42e1.wav,अत मेरो भनाइ
d:\nepali_notetaker_project\nepali_notetaker_package\DataSet\asr_nepali_4\asr_nepali\data\4d\processed_wav\4d0bc3d709.wav,अति लघु काव्य
d:\nepali_notetaker_project\nepali_notetaker_package\DataSet\asr_nepali_4\asr_nepali\data\4d\processed_wav\4d25ee13e3.wav,अति विशाल रातो
d:\nepali_notetaker_project\nepali_notetaker_package\DataSet\asr_nepali_4\asr_nepali\data\4d\processed_wav\4d9f224c1b.wav,अधिकार प्रदान गरिएन
d:\nepali_notetaker_project\nepali_notetaker_package\DataSet\asr_nepali_4\asr_nepali\data\4d\processed_wav\4dec1ffcea.wav,अधिकार यो संविधान
d:\nepali_notetaker_project\nepali_notetaker_package\DataSet\asr_nepali_4\asr_nepali\data\4d\processed_wav\4db88b4bf8.wav,अनि कोमल
d:\nepali_notetaker_project\nepali_notetaker_package\DataSet\asr_nepali_4\asr_nepali\data\4d\processed_wav\4d4cf27d89.wav,अनि हिजो बिहान
d:\nepali_notetaker_project\nepali_notetaker_package\DataSet\asr_nepali_4\asr_nepali\data\4d\processed_wav\4d44dd6b72.wav,अनुकृतिमा बनाएका छन्
d:\nepali_notetaker_project\nepali_notetaker_package\DataSet\asr_nepali_4\asr_nepali\data\4d\processed_wav\4db9053b0f.wav,अनुरोध गरे
d:\nepali_notetaker_project\nepali_notetaker_package\DataSet\asr_nepali_4\asr_nepali\data\4d\processed_wav\4dfe56307d.wav,अनुसार यस गाविस
d:\nepali_notetaker_project\nepali_notetaker_package\DataSet\asr_nepali_4\asr_nepali\data\4d\processed_wav\4dace4f92b.wav,अन्तर्राष्ट्रिय चलचित्र महोत्सवमा
d:\nepali_notetaker_project\nepali_notetaker_package\DataSet\asr_nepali_4\asr_nepali\data\4d\processed_wav\4dd5e18c2e.wav,अन्‍नपूर्णा रेस्टुरेन्टमा
d:\nepali_notetaker_project\nepali_notetaker_package\DataSet\asr_nepali_4\asr_nepali\data\4d\processed_wav\4d92c4258d.wav,अन्ना हजारे र सूचनाको
d:\nepali_notetaker_project\nepali_notetaker_package\DataSet\asr_nepali_4\asr_nepali\data\4d\processed_wav\4df1a127ef.wav,अन्य कार्यहरूमा गरिन्छ
d:\nepali_notetaker_project\nepali_notetaker_package\DataSet\asr_nepali_4\asr_nepali\data\4d\processed_wav\4d37d1f876.wav,अन्य ग्रहहरूमा जीव
d:\nepali_notetaker_project\nepali_notetaker_package\DataSet\asr_nepali_4\asr_nepali\data\4d\processed_wav\4d4aadd57e.wav,अन्य सबै स्कुलहरूलाई
d:\nepali_notetaker_project\nepali_notetaker_package\DataSet\asr_nepali_4\asr_nepali\data\4d\processed_wav\4d5addc92d.wav,अप्रिलमा युनिभर्सिटी अफ साउथ
d:\nepali_notetaker_project\nepali_notetaker_package\DataSet\asr_nepali_4\asr_nepali\data\4d\processed_wav\4d449f0fb6.wav,अफ्रिकीहरुले मात्र
d:\nepali_notetaker_project\nepali_notetaker_package\DataSet\asr_nepali_4\asr_nepali\data\4d\processed_wav\4d183c23ae.wav,अर्को कुरा मैले
d:\nepali_notetaker_project\nepali_notetaker_package\DataSet\asr_nepali_4\asr_nepali\data\4d\processed_wav\4d95dd47db.wav,अर्को नाम तमु हो
d:\nepali_notetaker_project\nepali_notetaker_package\DataSet\asr_nepali_4\asr_nepali\data\4d\processed_wav\4dbb5e8225.wav,अलैची अदुवा अम्लिसो
d:\nepali_notetaker_project\nepali_notetaker_package\DataSet\asr_nepali_4\asr_nepali\data\4d\processed_wav\4d72446977.wav,अवधारणा भएकाले यसको
d:\nepali_notetaker_project\nepali_notetaker_package\DataSet\asr_nepali_4\asr_nepali\data\4d\processed_wav\4d602c1893.wav,अवधिको आधारमा
d:\nepali_notetaker_project\nepali_notetaker_package\DataSet\asr_nepali_4\asr_nepali\data\4d\processed_wav\4df724d9ee.wav,अवस्थामा फर्किने
d:\nepali_notetaker_project\nepali_notetaker_package\DataSet\asr_nepali_4\asr_nepali\data\4d\processed_wav\4d5271f117.wav,अवस्थित चिसापानी
d:\nepali_notetaker_project\nepali_notetaker_package\DataSet\asr_nepali_4\asr_nepali\data\4d\processed_wav\4d309e308c.wav,असर गर्न सक्छ
d:\nepali_notetaker_project\nepali_notetaker_package\DataSet\asr_nepali_4\asr_nepali\data\4d\processed_wav\4d89fa1a88.wav,अहिले जीर्ण रहेकाले
d:\nepali_notetaker_project\nepali_notetaker_package\DataSet\asr_nepali_4\asr_nepali\data\4d\processed_wav\4d6fb6d6de.wav,आकाश भैरव ताजा
d:\nepali_notetaker_project\nepali_notetaker_package\DataSet\asr_nepali_4\asr_nepali\data\4d\processed_wav\4dbeb22d18.wav,आज मलाई त्यतिखेरको
d:\nepali_notetaker_project\nepali_notetaker_package\DataSet\asr_nepali_4\asr_nepali\data\4d\processed_wav\4d500a6f87.wav,आन्दोलनमा उत्रियो
d:\nepali_notetaker_project\nepali_notetaker_package\DataSet\asr_nepali_4\asr_nepali\data\4d\processed_wav\4df990890e.wav,आफूलाई भोटे भनेको
d:\nepali_notetaker_project\nepali_notetaker_package\DataSet\asr_nepali_4\asr_nepali\data\4d\processed_wav\4da10d4628.wav,आफ्ना प्रियजनको
d:\nepali_notetaker_project\nepali_notetaker_package\DataSet\asr_nepali_4\asr_nepali\data\4d\processed_wav\4dd97b3a71.wav,आफ्नो नामबाट लेख
d:\nepali_notetaker_project\nepali_notetaker_package\DataSet\asr_nepali_4\asr_nepali\data\4d\processed_wav\4d7f57f87b.wav,आफ्नो पहिचान बनायो
d:\nepali_notetaker_project\nepali_notetaker_package\DataSet\asr_nepali_4\asr_nepali\data\4d\processed_wav\4deeb99fae.wav,आम सर्वसाधारण नेपालीलाई
d:\nepali_notetaker_project\nepali_notetaker_package\DataSet\asr_nepali_4\asr_nepali\data\4d\processed_wav\4d371db9f9.wav,आरम्भ हुन्छ
d:\nepali_notetaker_project\nepali_notetaker_package\DataSet\asr_nepali_4\asr_nepali\data\4d\processed_wav\4dceffab8e.wav,आरम्भिक रूपहरूमा
d:\nepali_notetaker_project\nepali_notetaker_package\DataSet\asr_nepali_4\asr_nepali\data\4d\processed_wav\4d87645dc3.wav,आर्यावर्तले देवनागरी अक्षरलाई अङ्कको रूपमा प्रयोग गर्ने प्रचलन ल्याएका थिए।
d:\nepali_notetaker_project\nepali_notetaker_package\DataSet\asr_nepali_4\asr_nepali\data\4d\processed_wav\4d9e11627e.wav,आँपको अचार
d:\nepali_notetaker_project\nepali_notetaker_package\DataSet\asr_nepali_4\asr_nepali\data\4d\processed_wav\4dc6150d68.wav,इतिहास प्रकाशित
d:\nepali_notetaker_project\nepali_notetaker_package\DataSet\asr_nepali_4\asr_nepali\data\4d\processed_wav\4de20db187.wav,इदो वंशावलीद्वारा
d:\nepali_notetaker_project\nepali_notetaker_package\DataSet\asr_nepali_4\asr_nepali\data\4d\processed_wav\4dc7899685.wav,इन्टरनेट मेम हो
d:\nepali_notetaker_project\nepali_notetaker_package\DataSet\asr_nepali_4\asr_nepali\data\4d\processed_wav\4d4e45292a.wav,इन्टरनेसनलमा अवस्थित छ
d:\nepali_notetaker_project\nepali_notetaker_package\DataSet\asr_nepali_4\asr_nepali\data\4d\processed_wav\4d27c16acb.wav,ईपू ८६९ ईसा
d:\nepali_notetaker_project\nepali_notetaker_package\DataSet\asr_nepali_4\asr_nepali\data\4d\processed_wav\4d24d48fce.wav,ईपू ८७७ वा वर्ष
d:\nepali_notetaker_project\nepali_notetaker_package\DataSet\asr_nepali_4\asr_nepali\data\4d\processed_wav\4d8c122529.wav,ईश्वरमा विश्वास गर
d:\nepali_notetaker_project\nepali_notetaker_package\DataSet\asr_nepali_4\asr_nepali\data\4d\processed_wav\4d037e90c2.wav,उच्च सम्भावना थियो
d:\nepali_notetaker_project\nepali_notetaker_package\DataSet\asr_nepali_4\asr_nepali\data\4d\processed_wav\4d4449e4ad.wav,उडानहरू भरिएको जान्छ
d:\nepali_notetaker_project\nepali_notetaker_package\DataSet\asr_nepali_4\asr_nepali\data\4d\processed_wav\4db970a164.wav,उता राजा
d:\nepali_notetaker_project\nepali_notetaker_package\DataSet\asr_nepali_4\asr_nepali\data\4d\processed_wav\4dd27dcee4.wav,उत्तरी क्षेत्रमा पर्ने
d:\nepali_notetaker_project\nepali_notetaker_package\DataSet\asr_nepali_4\asr_nepali\data\4d\processed_wav\4d7f16a945.wav,उद्देश्य थियो
d:\nepali_notetaker_project\nepali_notetaker_package\DataSet\asr_nepali_4\asr_nepali\data\4d\processed_wav\4d707a6746.wav,उनले घोषणा गरे
d:\nepali_notetaker_project\nepali_notetaker_package\DataSet\asr_nepali_4\asr_nepali\data\4d\processed_wav\4d95541677.wav,उनले डा बलराम जोशी
d:\nepali_notetaker_project\nepali_notetaker_package\DataSet\asr_nepali_4\asr_nepali\data\4d\processed_wav\4d963bdafe.wav,उनी आएर तेरो बाउले
d:\nepali_notetaker_project\nepali_notetaker_package\DataSet\asr_nepali_4\asr_nepali\data\4d\processed_wav\4dd359d98f.wav,उनी प्रकाशको गति
d:\nepali_notetaker_project\nepali_notetaker_package\DataSet\asr_nepali_4\asr_nepali\data\4d\processed_wav\4ddebd7859.wav,उनी राष्ट्रिय कार्यका
d:\nepali_notetaker_project\nepali_notetaker_package\DataSet\asr_nepali_4\asr_nepali\data\4d\processed_wav\4da40ce485.wav,उनीहरूलाई पढाउने सन्दर्भमा
d:\nepali_notetaker_project\nepali_notetaker_package\DataSet\asr_nepali_4\asr_nepali\data\4d\processed_wav\4d65606228.wav,उनीहरूले हड्डीमात्र देखे
d:\nepali_notetaker_project\nepali_notetaker_package\DataSet\asr_nepali_4\asr_nepali\data\4d\processed_wav\4de6747fa7.wav,उनी हर्षित छिन्
d:\nepali_notetaker_project\nepali_notetaker_package\DataSet\asr_nepali_4\asr_nepali\data\4d\processed_wav\4d221ed323.wav,उन्नत समाज
d:\nepali_notetaker_project\nepali_notetaker_package\DataSet\asr_nepali_4\asr_nepali\data\4d\processed_wav\4d67eda6a8.wav,उपाधि दिएको छ
d:\nepali_notetaker_project\nepali_notetaker_package\DataSet\asr_nepali_4\asr_nepali\data\4d\processed_wav\4d1a3e4b45.wav,उमेरमा उनी आफ्नो
d:\nepali_notetaker_project\nepali_notetaker_package\DataSet\asr_nepali_4\asr_nepali\data\4d\processed_wav\4dc57da0aa.wav,उहाँहरू दुई दाजुभाइ
d:\nepali_notetaker_project\nepali_notetaker_package\DataSet\asr_nepali_4\asr_nepali\data\4d\processed_wav\4d5288fc94.wav,ऊर्जा वस्तु होइन
d:\nepali_notetaker_project\nepali_notetaker_package\DataSet\asr_nepali_4\asr_nepali\data\4d\processed_wav\4d609f87e3.wav,एउटा आधुनिक
d:\nepali_notetaker_project\nepali_notetaker_package\DataSet\asr_nepali_4\asr_nepali\data\4d\processed_wav\4de5b5f42e.wav,एउटा सम्पन्न नेता
d:\nepali_notetaker_project\nepali_notetaker_package\DataSet\asr_nepali_4\asr_nepali\data\4d\processed_wav\4d2df51637.wav,एउटी परिस्कृत तथा
d:\nepali_notetaker_project\nepali_notetaker_package\DataSet\asr_nepali_4\asr_nepali\data\4d\processed_wav\4d68f3aa71.wav,एउटै छानामुनि एकै
d:\nepali_notetaker_project\nepali_notetaker_package\DataSet\asr_nepali_4\asr_nepali\data\4d\processed_wav\4d0c0cf651.wav,एक उपनिवेश थियो
d:\nepali_notetaker_project\nepali_notetaker_package\DataSet\asr_nepali_4\asr_nepali\data\4d\processed_wav\4decadefc5.wav,एक न एक दिन
d:\nepali_notetaker_project\nepali_notetaker_package\DataSet\asr_nepali_4\asr_nepali\data\4d\processed_wav\4dfe6eebf6.wav,एकभन्दा बढी फोटा
d:\nepali_notetaker_project\nepali_notetaker_package\DataSet\asr_nepali_4\asr_nepali\data\4d\processed_wav\4de096cbfe.wav,एक भागका रूपमा
d:\nepali_notetaker_project\nepali_notetaker_package\DataSet\asr_nepali_4\asr_nepali\data\4d\processed_wav\4d69ec5b9e.wav,एक वर्षमै आत्महत्या गरे
d:\nepali_notetaker_project\nepali_notetaker_package\DataSet\asr_nepali_4\asr_nepali\data\4d\processed_wav\4dd99571be.wav,एकाधिकार पाएको नेपाल
d:\nepali_notetaker_project\nepali_notetaker_package\DataSet\asr_nepali_4\asr_nepali\data\4d\processed_wav\4dfa0785c7.wav,एक्लै दोक्लै जाँदा
d:\nepali_notetaker_project\nepali_notetaker_package\DataSet\asr_nepali_4\asr_nepali\data\4d\processed_wav\4d3320a499.wav,एसओएस
d:\nepali_notetaker_project\nepali_notetaker_package\DataSet\asr_nepali_4\asr_nepali\data\4d\processed_wav\4dc27b592e.wav,एसिक्स चिप भनिन्छ
d:\nepali_notetaker_project\nepali_notetaker_package\DataSet\asr_nepali_4\asr_nepali\data\4d\processed_wav\4dfbaa55c1.wav,ओपन वायर लाइनको
d:\nepali_notetaker_project\nepali_notetaker_package\DataSet\asr_nepali_4\asr_nepali\data\4d\processed_wav\4df1a44a83.wav,औषधि निर्माता कम्पनी
d:\nepali_notetaker_project\nepali_notetaker_package\DataSet\asr_nepali_4\asr_nepali\data\4d\processed_wav\4d5ec823a4.wav,कक्षा ९ उनले
d:\nepali_notetaker_project\nepali_notetaker_package\DataSet\asr_nepali_4\asr_nepali\data\4d\processed_wav\4d2de6e21b.wav,कक्षाले गर्दा
d:\nepali_notetaker_project\nepali_notetaker_package\DataSet\asr_nepali_4\asr_nepali\data\4d\processed_wav\4d46849ab0.wav,कतै प्रतीकको माध्यम
d:\nepali_notetaker_project\nepali_notetaker_package\DataSet\asr_nepali_4\asr_nepali\data\4d\processed_wav\4d3bba91ee.wav,कनरको र सैम
d:\nepali_notetaker_project\nepali_notetaker_package\DataSet\asr_nepali_4\asr_nepali\data\4d\processed_wav\4dfb22a581.wav,कपडाहरू भने छन्
d:\nepali_notetaker_project\nepali_notetaker_package\DataSet\asr_nepali_4\asr_nepali\data\4d\processed_wav\4d6162820e.wav,कम हुन्छ र पिसाब
d:\nepali_notetaker_project\nepali_notetaker_package\DataSet\asr_nepali_4\asr_nepali\data\4d\processed_wav\4dbe7e2a0a.wav,कराइकल भारतीय राज्य
d:\nepali_notetaker_project\nepali_notetaker_package\DataSet\asr_nepali_4\asr_nepali\data\4d\processed_wav\4d40642078.wav,करिव आठ वर्षको
d:\nepali_notetaker_project\nepali_notetaker_package\DataSet\asr_nepali_4\asr_nepali\data\4d\processed_wav\4defddfac2.wav,कला सङ्ग्रहालयमा लामो
d:\nepali_notetaker_project\nepali_notetaker_package\DataSet\asr_nepali_4\asr_nepali\data\4d\processed_wav\4d75329dda.wav,कलेजो मानव शरीरको
d:\nepali_notetaker_project\nepali_notetaker_package\DataSet\asr_nepali_4\asr_nepali\data\4d\processed_wav\4d06d379d4.wav,कसारको विशेष
d:\nepali_notetaker_project\nepali_notetaker_package\DataSet\asr_nepali_4\asr_nepali\data\4d\processed_wav\4d63412c82.wav,कस्तो लक्षण देखिन्छ
d:\nepali_notetaker_project\nepali_notetaker_package\DataSet\asr_nepali_4\asr_nepali\data\4d\processed_wav\4dc01900d8.wav,काठमाडौँ विश्वविद्यालय मध्यवर्तीसँग
d:\nepali_notetaker_project\nepali_notetaker_package\DataSet\asr_nepali_4\asr_nepali\data\4d\processed_wav\4d62484566.wav,काप्रीकोटमा दिदीको
d:\nepali_notetaker_project\nepali_notetaker_package\DataSet\asr_nepali_4\asr_nepali\data\4d\processed_wav\4d4fdcdeb3.wav,काम गरेकी थिइन्
d:\nepali_notetaker_project\nepali_notetaker_package\DataSet\asr_nepali_4\asr_nepali\data\4d\processed_wav\4dae649e66.wav,कार्य तीर्थराज अधिकारी
d:\nepali_notetaker_project\nepali_notetaker_package\DataSet\asr_nepali_4\asr_nepali\data\4d\processed_wav\4df0a56222.wav,कालमा सुरु भएको
d:\nepali_notetaker_project\nepali_notetaker_package\DataSet\asr_nepali_4\asr_nepali\data\4d\processed_wav\4d3e903d74.wav,कालान्तरमा कालिका देवीको
d:\nepali_notetaker_project\nepali_notetaker_package\DataSet\asr_nepali_4\asr_nepali\data\4d\processed_wav\4d4f0070c3.wav,कास्की जिल्लाको नामाकरणका
d:\nepali_notetaker_project\nepali_notetaker_package\DataSet\asr_nepali_4\asr_nepali\data\4d\processed_wav\4d1045441a.wav,काँक्रेविहार भग्नावशेष नेपालको
d:\nepali_notetaker_project\nepali_notetaker_package\DataSet\asr_nepali_4\asr_nepali\data\4d\processed_wav\4d51cde885.wav,किचनरले अनिवार्य सैन्यसेवामा
d:\nepali_notetaker_project\nepali_notetaker_package\DataSet\asr_nepali_4\asr_nepali\data\4d\processed_wav\4dcbfb75ed.wav,कि तिनको देश
d:\nepali_notetaker_project\nepali_notetaker_package\DataSet\asr_nepali_4\asr_nepali\data\4d\processed_wav\4dec973659.wav,किन भने डाटा
d:\nepali_notetaker_project\nepali_notetaker_package\DataSet\asr_nepali_4\asr_nepali\data\4d\processed_wav\4d70fe8cf6.wav,किराँती मूलका व्यक्तिहरूले
d:\nepali_notetaker_project\nepali_notetaker_package\DataSet\asr_nepali_4\asr_nepali\data\4d\processed_wav\4d970ea0af.wav,कीर्तिपुरको सभ्यतास्थल र काठमाडौँको
d:\nepali_notetaker_project\nepali_notetaker_package\DataSet\asr_nepali_4\asr_nepali\data\4d\processed_wav\4d66832583.wav,कुकुरले उनलाई टोक्यो
d:\nepali_notetaker_project\nepali_notetaker_package\DataSet\asr_nepali_4\asr_nepali\data\4d\processed_wav\4def65bc73.wav,कुकुरले घरको रेखदेख
d:\nepali_notetaker_project\nepali_notetaker_package\DataSet\asr_nepali_4\asr_nepali\data\4d\processed_wav\4da740018f.wav,कुनैदिन डाउनलोडमा राखुँला
d:\nepali_notetaker_project\nepali_notetaker_package\DataSet\asr_nepali_4\asr_nepali\data\4d\processed_wav\4d1c8aa796.wav,कुभिन्डे र सानो सिरुवारी
d:\nepali_notetaker_project\nepali_notetaker_package\DataSet\asr_nepali_4\asr_nepali\data\4d\processed_wav\4db2706b5e.wav,केन्द्रको चक्कर लाग्छ
d:\nepali_notetaker_project\nepali_notetaker_package\DataSet\asr_nepali_4\asr_nepali\data\4d\processed_wav\4d6a065ba6.wav,केन्द्रीय लक्षण बनिरह्यो
d:\nepali_notetaker_project\nepali_notetaker_package\DataSet\asr_nepali_4\asr_nepali\data\4d\processed_wav\4de7254d9b.wav,केही पनि भिन्नता हुन्न
d:\nepali_notetaker_project\nepali_notetaker_package\DataSet\asr_nepali_4\asr_nepali\data\4d\processed_wav\4d0b536c50.wav,केही मान्छे भुइँको
d:\nepali_notetaker_project\nepali_notetaker_package\DataSet\asr_nepali_4\asr_nepali\data\4d\processed_wav\4dd1ceb3dd.wav,केहीलाई जारी राख्दै
d:\nepali_notetaker_project\nepali_notetaker_package\DataSet\asr_nepali_4\asr_nepali\data\4d\processed_wav\4dd8cc0517.wav,केही समयको लागि
d:\nepali_notetaker_project\nepali_notetaker_package\DataSet\asr_nepali_4\asr_nepali\data\4d\processed_wav\4d921c8726.wav,केही समीक्षण केही विश्लेषण
d:\nepali_notetaker_project\nepali_notetaker_package\DataSet\asr_nepali_4\asr_nepali\data\4d\processed_wav\4db0093db0.wav,कोटबाहेक नै पनि लगाइन्छ
d:\nepali_notetaker_project\nepali_notetaker_package\DataSet\asr_nepali_4\asr_nepali\data\4d\processed_wav\4dcc122ae4.wav,कोठामा पनि पुस्तकका
d:\nepali_notetaker_project\nepali_notetaker_package\DataSet\asr_nepali_4\asr_nepali\data\4d\processed_wav\4dc8041ec4.wav,कोरियाका लागि मागिएको
d:\nepali_notetaker_project\nepali_notetaker_package\DataSet\asr_nepali_4\asr_nepali\data\4d\processed_wav\4d17dbc78a.wav,क्रमैसँग उनले प्रथम
d:\nepali_notetaker_project\nepali_notetaker_package\DataSet\asr_nepali_4\asr_nepali\data\4d\processed_wav\4d81d1ba7b.wav,क्रान्तिकारी जनपरिषद्का संयोजक
d:\nepali_notetaker_project\nepali_notetaker_package\DataSet\asr_nepali_4\asr_nepali\data\4d\processed_wav\4d0a6f8654.wav,क्रिस्टलद्वारा बिजुलीका किरणहरूले
d:\nepali_notetaker_project\nepali_notetaker_package\DataSet\asr_nepali_4\asr_nepali\data\4d\processed_wav\4deac9310a.wav,खगोलशास्त्रीहरू हजारौँ वर्षदेखि
d:\nepali_notetaker_project\nepali_notetaker_package\DataSet\asr_nepali_4\asr_nepali\data\4d\processed_wav\4d3cd51790.wav,खण्डको बाहेक कापुचीनो
d:\nepali_notetaker_project\nepali_notetaker_package\DataSet\asr_nepali_4\asr_nepali\data\4d\processed_wav\4dc9425e2d.wav,खतरा बताए
d:\nepali_notetaker_project\nepali_notetaker_package\DataSet\asr_nepali_4\asr_nepali\data\4d\processed_wav\4d2da53602.wav,खप्तडले पवित्रतताको सत्यताको ज्ञानको ज्योति पाएको छ बाबाका कारणले।
d:\nepali_notetaker_project\nepali_notetaker_package\DataSet\asr_nepali_4\asr_nepali\data\4d\processed_wav\4de0d5a107.wav,खहरेको वायाँपट्टि केही माथि जङ्गलका बीच ज्यादै चिसो पानी भएको एउटा सानो दह छ।
d:\nepali_notetaker_project\nepali_notetaker_package\DataSet\asr_nepali_4\asr_nepali\data\4d\processed_wav\4d12e5f5ef.wav,खाएको च्याउ विषालु
d:\nepali_notetaker_project\nepali_notetaker_package\DataSet\asr_nepali_4\asr_nepali\data\4d\processed_wav\4da3c7cfdd.wav,खाडी र युरोपतिर
d:\nepali_notetaker_project\nepali_notetaker_package\DataSet\asr_nepali_4\asr_nepali\data\4d\processed_wav\4d9cddbaea.wav,खेलाडी पनि मानिन्छ
d:\nepali_notetaker_project\nepali_notetaker_package\DataSet\asr_nepali_4\asr_nepali\data\4d\processed_wav\4d6349a386.wav,खेली अरू खेलाडीका
d:\nepali_notetaker_project\nepali_notetaker_package\DataSet\asr_nepali_4\asr_nepali\data\4d\processed_wav\4d12b0463b.wav,खोटाङ जिल्लामा पर्ने
d:\nepali_notetaker_project\nepali_notetaker_package\DataSet\asr_nepali_4\asr_nepali\data\4d\processed_wav\4d62f7c65f.wav,गठित अन्तरिम सरकारमा
d:\nepali_notetaker_project\nepali_notetaker_package\DataSet\asr_nepali_4\asr_nepali\data\4d\processed_wav\4d546df5c1.wav,गरिएको पनि पाइन्छ
d:\nepali_notetaker_project\nepali_notetaker_package\DataSet\asr_nepali_4\asr_nepali\data\4d\processed_wav\4dfbafdf0f.wav,गरिने हाइलोसिरियस
d:\nepali_notetaker_project\nepali_notetaker_package\DataSet\asr_nepali_4\asr_nepali\data\4d\processed_wav\4dc98eba57.wav,गरिबक्सेको छ
d:\nepali_notetaker_project\nepali_notetaker_package\DataSet\asr_nepali_4\asr_nepali\data\4d\processed_wav\4dd5fb16dd.wav,गरिरहेको हुन्छ
d:\nepali_notetaker_project\nepali_notetaker_package\DataSet\asr_nepali_4\asr_nepali\data\4d\processed_wav\4daab9672f.wav,गरी जम्मा चारवटा
d:\nepali_notetaker_project\nepali_notetaker_package\DataSet\asr_nepali_4\asr_nepali\data\4d\processed_wav\4da0a20d10.wav,गरे तर कर्णेल
d:\nepali_notetaker_project\nepali_notetaker_package\DataSet\asr_nepali_4\asr_nepali\data\4d\processed_wav\4de4a498b6.wav,गर्न सक्नुहुन्छ
d:\nepali_notetaker_project\nepali_notetaker_package\DataSet\asr_nepali_4\asr_nepali\data\4d\processed_wav\4d25aaf9f1.wav,गर्ने गर्दथे
d:\nepali_notetaker_project\nepali_notetaker_package\DataSet\asr_nepali_4\asr_nepali\data\4d\processed_wav\4d931ab6c9.wav,गर्मीबाट हुने ज्वरो
d:\nepali_notetaker_project\nepali_notetaker_package\DataSet\asr_nepali_4\asr_nepali\data\4d\processed_wav\4d585f8e5d.wav,गलत वर्ष
d:\nepali_notetaker_project\nepali_notetaker_package\DataSet\asr_nepali_4\asr_nepali\data\4d\processed_wav\4dab7b613d.wav,गलत समाचार
d:\nepali_notetaker_project\nepali_notetaker_package\DataSet\asr_nepali_4\asr_nepali\data\4d\processed_wav\4d2c3be926.wav,गाउँ घरमा कोही
d:\nepali_notetaker_project\nepali_notetaker_package\DataSet\asr_nepali_4\asr_nepali\data\4d\processed_wav\4defba7278.wav,गोकर्णेश्वर महादेवको
d:\nepali_notetaker_project\nepali_notetaker_package\DataSet\asr_nepali_4\asr_nepali\data\4d\processed_wav\4d073a86d7.wav,गोमन सर्पको विष
d:\nepali_notetaker_project\nepali_notetaker_package\DataSet\asr_nepali_4\asr_nepali\data\4d\processed_wav\4dd0711ab8.wav,गोहीलाई जलदेवीको वाहनको
d:\nepali_notetaker_project\nepali_notetaker_package\DataSet\asr_nepali_4\asr_nepali\data\4d\processed_wav\4da6b119dd.wav,घरतर्फ फर्किन
d:\nepali_notetaker_project\nepali_notetaker_package\DataSet\asr_nepali_4\asr_nepali\data\4d\processed_wav\4d01514a53.wav,घरमा सफाइ र लुगा
d:\nepali_notetaker_project\nepali_notetaker_package\DataSet\asr_nepali_4\asr_nepali\data\4d\processed_wav\4d34986530.wav,घरलाई पक्की स्थायी
d:\nepali_notetaker_project\nepali_notetaker_package\DataSet\asr_nepali_4\asr_nepali\data\4d\processed_wav\4db8df424a.wav,घरलाई शुद्ध बनाई
d:\nepali_notetaker_project\nepali_notetaker_package\DataSet\asr_nepali_4\asr_nepali\data\4d\processed_wav\4d0d89d51f.wav,घाँटी बसेको जान्छ
d:\nepali_notetaker_project\nepali_notetaker_package\DataSet\asr_nepali_4\asr_nepali\data\4d\processed_wav\4d95a1e64f.wav,घिमिरे गृह र
d:\nepali_notetaker_project\nepali_notetaker_package\DataSet\asr_nepali_4\asr_nepali\data\4d\processed_wav\4d54a4b0b7.wav,घुलमिल गर्दथे जसमा
d:\nepali_notetaker_project\nepali_notetaker_package\DataSet\asr_nepali_4\asr_nepali\data\4d\processed_wav\4d1abb3e30.wav,चढाउने गरिन्छ
d:\nepali_notetaker_project\nepali_notetaker_package\DataSet\asr_nepali_4\asr_nepali\data\4d\processed_wav\4db512c024.wav,चरम गरीबीमा बित्यो
d:\nepali_notetaker_project\nepali_notetaker_package\DataSet\asr_nepali_4\asr_nepali\data\4d\processed_wav\4dc14300f5.wav,चर्चा कमाउने व्यक्तिहरूमा
d:\nepali_notetaker_project\nepali_notetaker_package\DataSet\asr_nepali_4\asr_nepali\data\4d\processed_wav\4d7ed451e3.wav,चलचित्र अभिनेत्री निर्माता
d:\nepali_notetaker_project\nepali_notetaker_package\DataSet\asr_nepali_4\asr_nepali\data\4d\processed_wav\4d7ce2c2ad.wav,चलचित्रका निर्माता हुन्
d:\nepali_notetaker_project\nepali_notetaker_package\DataSet\asr_nepali_4\asr_nepali\data\4d\processed_wav\4d010b9400.wav,चलचित्र प्राविधिक सङ्घको
d:\nepali_notetaker_project\nepali_notetaker_package\DataSet\asr_nepali_4\asr_nepali\data\4d\processed_wav\4df7fdd4f0.wav,चलचित्रहरूमा यसको
d:\nepali_notetaker_project\nepali_notetaker_package\DataSet\asr_nepali_4\asr_nepali\data\4d\processed_wav\4d1e4a69be.wav,चल्ने गरेको छ
d:\nepali_notetaker_project\nepali_notetaker_package\DataSet\asr_nepali_4\asr_nepali\data\4d\processed_wav\4d4228c9d7.wav,चार छोरालाई आमाको
d:\nepali_notetaker_project\nepali_notetaker_package\DataSet\asr_nepali_4\asr_nepali\data\4d\processed_wav\4d02439cc1.wav,चार सानो गुम्बदाकारी
d:\nepali_notetaker_project\nepali_notetaker_package\DataSet\asr_nepali_4\asr_nepali\data\4d\processed_wav\4df6cc0108.wav,चिनेका पुराना बामपन्थी
d:\nepali_notetaker_project\nepali_notetaker_package\DataSet\asr_nepali_4\asr_nepali\data\4d\processed_wav\4df21b8096.wav,चोरी भएपछि हाल
d:\nepali_notetaker_project\nepali_notetaker_package\DataSet\asr_nepali_4\asr_nepali\data\4d\processed_wav\4de11f8df0.wav,छ भने गौतम
d:\nepali_notetaker_project\nepali_notetaker_package\DataSet\asr_nepali_4\asr_nepali\data\4d\processed_wav\4d455324a0.wav,छालाको पहिरन हो
d:\nepali_notetaker_project\nepali_notetaker_package\DataSet\asr_nepali_4\asr_nepali\data\4d\processed_wav\4d9f393ec1.wav,छिनामखु भोजपुर जिल्लामा
d:\nepali_notetaker_project\nepali_notetaker_package\DataSet\asr_nepali_4\asr_nepali\data\4d\processed_wav\4d3af178b0.wav,छ्यापी तरकारी पकाएर
d:\nepali_notetaker_project\nepali_notetaker_package\DataSet\asr_nepali_4\asr_nepali\data\4d\processed_wav\4db968b733.wav,जङ्गलैजङ्गल पैदल
d:\nepali_notetaker_project\nepali_notetaker_package\DataSet\asr_nepali_4\asr_nepali\data\4d\processed_wav\4d99e5dd8f.wav,जटिल गरिदिन्छ
d:\nepali_notetaker_project\nepali_notetaker_package\DataSet\asr_nepali_4\asr_nepali\data\4d\processed_wav\4d90666f3a.wav,जत्तिको कुकुर उपयोगी
d:\nepali_notetaker_project\nepali_notetaker_package\DataSet\asr_nepali_4\asr_nepali\data\4d\processed_wav\4d636c1065.wav,जन्म लिएका थिए
d:\nepali_notetaker_project\nepali_notetaker_package\DataSet\asr_nepali_4\asr_nepali\data\4d\processed_wav\4d61c09bc9.wav,जसको अर्थ शोना
d:\nepali_notetaker_project\nepali_notetaker_package\DataSet\asr_nepali_4\asr_nepali\data\4d\processed_wav\4d7e273935.wav,जसलाई ठन्डा गर्न
d:\nepali_notetaker_project\nepali_notetaker_package\DataSet\asr_nepali_4\asr_nepali\data\4d\processed_wav\4d089e3a00.wav,जसलाई नेपालीमा
d:\nepali_notetaker_project\nepali_notetaker_package\DataSet\asr_nepali_4\asr_nepali\data\4d\processed_wav\4d787bb85d.wav,जसले बेचिएका नेपाली
d:\nepali_notetaker_project\nepali_notetaker_package\DataSet\asr_nepali_4\asr_nepali\data\4d\processed_wav\4d69eab9e6.wav,जानकारी कसैलाई थिएन
d:\nepali_notetaker_project\nepali_notetaker_package\DataSet\asr_nepali_4\asr_nepali\data\4d\processed_wav\4decf108de.wav,जाभान गैंडा विश्वमा
d:\nepali_notetaker_project\nepali_notetaker_package\DataSet\asr_nepali_4\asr_nepali\data\4d\processed_wav\4dee98e330.wav,जामा घाँगर आदिको
d:\nepali_notetaker_project\nepali_notetaker_package\DataSet\asr_nepali_4\asr_nepali\data\4d\processed_wav\4d358100a7.wav,जारी गरियो
d:\nepali_notetaker_project\nepali_notetaker_package\DataSet\asr_nepali_4\asr_nepali\data\4d\processed_wav\4d65de5e9d.wav,जिब्रो छेडाउने व्यक्ति
d:\nepali_notetaker_project\nepali_notetaker_package\DataSet\asr_nepali_4\asr_nepali\data\4d\processed_wav\4ddd69fbb5.wav,जीवनी योगदान
d:\nepali_notetaker_project\nepali_notetaker_package\DataSet\asr_nepali_4\asr_nepali\data\4d\processed_wav\4db0dad7fe.wav,जुडोमा मुक्त अभ्यासमा
d:\nepali_notetaker_project\nepali_notetaker_package\DataSet\asr_nepali_4\asr_nepali\data\4d\processed_wav\4ddc614b1d.wav,जुन हजुरहरू जस्ता
d:\nepali_notetaker_project\nepali_notetaker_package\DataSet\asr_nepali_4\asr_nepali\data\4d\processed_wav\4d150a5037.wav,जुम्ला कारागारमा
d:\nepali_notetaker_project\nepali_notetaker_package\DataSet\asr_nepali_4\asr_nepali\data\4d\processed_wav\4dc700dec8.wav,जुलाईमा भेनस र सेरेना विलियम्सले
d:\nepali_notetaker_project\nepali_notetaker_package\DataSet\asr_nepali_4\asr_nepali\data\4d\processed_wav\4d2379d63c.wav,झल्काउने प्रदर्शन योग्य
d:\nepali_notetaker_project\nepali_notetaker_package\DataSet\asr_nepali_4\asr_nepali\data\4d\processed_wav\4d143d47ab.wav,झिँगटीले छाइएको छ
d:\nepali_notetaker_project\nepali_notetaker_package\DataSet\asr_nepali_4\asr_nepali\data\4d\processed_wav\4da9d7264e.wav,झुकाउ बढी हुन्छ
d:\nepali_notetaker_project\nepali_notetaker_package\DataSet\asr_nepali_4\asr_nepali\data\4d\processed_wav\4d7d2f5810.wav,झुला गाविस राजनैतिक
d:\nepali_notetaker_project\nepali_notetaker_package\DataSet\asr_nepali_4\asr_nepali\data\4d\processed_wav\4db11f8ed0.wav,झ्वाट्ट हेर्नुपर्दा
d:\nepali_notetaker_project\nepali_notetaker_package\DataSet\asr_nepali_4\asr_nepali\data\4d\processed_wav\4d58e2fc54.wav,टन स्टिल प्रयोग
d:\nepali_notetaker_project\nepali_notetaker_package\DataSet\asr_nepali_4\asr_nepali\data\4d\processed_wav\4d2e7a0c34.wav,टाउको र पुच्छर टेकेर
d:\nepali_notetaker_project\nepali_notetaker_package\DataSet\asr_nepali_4\asr_nepali\data\4d\processed_wav\4d8147a32a.wav,टाढा अवस्थित आकाशीय
d:\nepali_notetaker_project\nepali_notetaker_package\DataSet\asr_nepali_4\asr_nepali\data\4d\processed_wav\4d989f2364.wav,टिस्टा नदी भारतीय
d:\nepali_notetaker_project\nepali_notetaker_package\DataSet\asr_nepali_4\asr_nepali\data\4d\processed_wav\4d1bafba07.wav,टेलिफोन लाइनमा केही
d:\nepali_notetaker_project\nepali_notetaker_package\DataSet\asr_nepali_4\asr_nepali\data\4d\processed_wav\4dd586a69b.wav,टेस्ट नखेल्ने राष्ट्रमा
d:\nepali_notetaker_project\nepali_notetaker_package\DataSet\asr_nepali_4\asr_nepali\data\4d\processed_wav\4d0952c2e4.wav,टोकियोमा आउँछन्
d:\nepali_notetaker_project\nepali_notetaker_package\DataSet\asr_nepali_4\asr_nepali\data\4d\processed_wav\4d56d1573e.wav,टोकियो याकुल्ट स्वैलोज
d:\nepali_notetaker_project\nepali_notetaker_package\DataSet\asr_nepali_4\asr_nepali\data\4d\processed_wav\4dc847434b.wav,ठाउँमा बनाइएको छ
d:\nepali_notetaker_project\nepali_notetaker_package\DataSet\asr_nepali_4\asr_nepali\data\4d\processed_wav\4d8087332f.wav,ठीक भएर जन
d:\nepali_notetaker_project\nepali_notetaker_package\DataSet\asr_nepali_4\asr_nepali\data\4d\processed_wav\4d4c210746.wav,ठुटो लेख श्रेणीमा
d:\nepali_notetaker_project\nepali_notetaker_package\DataSet\asr_nepali_4\asr_nepali\data\4d\processed_wav\4d100ef959.wav,ठुलाकोटको विशेष महत्ता
d:\nepali_notetaker_project\nepali_notetaker_package\DataSet\asr_nepali_4\asr_nepali\data\4d\processed_wav\4d140c4197.wav,डमकोल मह्कुमा भारतीय
d:\nepali_notetaker_project\nepali_notetaker_package\DataSet\asr_nepali_4\asr_nepali\data\4d\processed_wav\4d2db4970f.wav,डिप्रेसन भएका मध्ये १५ प्रतिशत रोगीहरूले आत्महत्या गर्ने सम्भावना रहन्छ।
d:\nepali_notetaker_project\nepali_notetaker_package\DataSet\asr_nepali_4\asr_nepali\data\4d\processed_wav\4dd02c9e44.wav,डिल्लीचौर जुम्ला जिल्लामा पर्ने एउटा गाउँ विकास समिति हो।
d:\nepali_notetaker_project\nepali_notetaker_package\DataSet\asr_nepali_4\asr_nepali\data\4d\processed_wav\4d696b9cdb.wav,डेङ्गु ज्वरोबाट पीडित
d:\nepali_notetaker_project\nepali_notetaker_package\DataSet\asr_nepali_4\asr_nepali\data\4d\processed_wav\4d5b961d7b.wav,ड्वार्फ ताराहरूले हाइड्रोजनलाई
d:\nepali_notetaker_project\nepali_notetaker_package\DataSet\asr_nepali_4\asr_nepali\data\4d\processed_wav\4d47530162.wav,ढाँचा लगाउन मन छ
d:\nepali_notetaker_project\nepali_notetaker_package\DataSet\asr_nepali_4\asr_nepali\data\4d\processed_wav\4d56b885fc.wav,तथ्य एक हप्तासम्मको
d:\nepali_notetaker_project\nepali_notetaker_package\DataSet\asr_nepali_4\asr_nepali\data\4d\processed_wav\4d68d7ee89.wav,तपाईँ अब नेपाली
d:\nepali_notetaker_project\nepali_notetaker_package\DataSet\asr_nepali_4\asr_nepali\data\4d\processed_wav\4d4df321a9.wav,तपाईँले यहाँ योगदान
d:\nepali_notetaker_project\nepali_notetaker_package\DataSet\asr_nepali_4\asr_nepali\data\4d\processed_wav\4d54b84e2a.wav,तयार पार्ने र मृत्यु
d:\nepali_notetaker_project\nepali_notetaker_package\DataSet\asr_nepali_4\asr_nepali\data\4d\processed_wav\4da8185224.wav,तरकारी हो
d:\nepali_notetaker_project\nepali_notetaker_package\DataSet\asr_nepali_4\asr_nepali\data\4d\processed_wav\4d86240886.wav,तर नेपाली सेना
d:\nepali_notetaker_project\nepali_notetaker_package\DataSet\asr_nepali_4\asr_nepali\data\4d\processed_wav\4d5d9efe48.wav,तर्फदेखि कुरुराज्य सभामा
d:\nepali_notetaker_project\nepali_notetaker_package\DataSet\asr_nepali_4\asr_nepali\data\4d\processed_wav\4db9ca4699.wav,तला रहेको छ
d:\nepali_notetaker_project\nepali_notetaker_package\DataSet\asr_nepali_4\asr_nepali\data\4d\processed_wav\4dc519fbcc.wav,तात्कालिन सरकारले
d:\nepali_notetaker_project\nepali_notetaker_package\DataSet\asr_nepali_4\asr_nepali\data\4d\processed_wav\4d291298da.wav,ताराहरूको सङ्ख्या
d:\nepali_notetaker_project\nepali_notetaker_package\DataSet\asr_nepali_4\asr_nepali\data\4d\processed_wav\4d4f94c517.wav,ताराहरूको सङ्ख्या
d:\nepali_notetaker_project\nepali_notetaker_package\DataSet\asr_nepali_4\asr_nepali\data\4d\processed_wav\4d11a0696a.wav,तिर्थयात्री भिखारी आदि
d:\nepali_notetaker_project\nepali_notetaker_package\DataSet\asr_nepali_4\asr_nepali\data\4d\processed_wav\4d40bb072a.wav,ती क्षेत्रमा काम
d:\nepali_notetaker_project\nepali_notetaker_package\DataSet\asr_nepali_4\asr_nepali\data\4d\processed_wav\4d9e8907ff.wav,तेस्रो सम्मेलनको प्रधानमन्त्री
d:\nepali_notetaker_project\nepali_notetaker_package\DataSet\asr_nepali_4\asr_nepali\data\4d\processed_wav\4d78594ad4.wav,त्यसको छेउछाउको क्षेत्रहरूमा
d:\nepali_notetaker_project\nepali_notetaker_package\DataSet\asr_nepali_4\asr_nepali\data\4d\processed_wav\4d4bdcd3bf.wav,त्यसपछि विष्णु पत्थरमा
d:\nepali_notetaker_project\nepali_notetaker_package\DataSet\asr_nepali_4\asr_nepali\data\4d\processed_wav\4d4cfab776.wav,त्यस परम निर्धन
d:\nepali_notetaker_project\nepali_notetaker_package\DataSet\asr_nepali_4\asr_nepali\data\4d\processed_wav\4dbe343f11.wav,त्यस बेला नेपालमा
d:\nepali_notetaker_project\nepali_notetaker_package\DataSet\asr_nepali_4\asr_nepali\data\4d\processed_wav\4dac1b8ab2.wav,त्यस मजदूरले भविष्यमा
d:\nepali_notetaker_project\nepali_notetaker_package\DataSet\asr_nepali_4\asr_nepali\data\4d\processed_wav\4d8de4c516.wav,त्यसैको परिणामले उनले
d:\nepali_notetaker_project\nepali_notetaker_package\DataSet\asr_nepali_4\asr_nepali\data\4d\processed_wav\4deb35aca4.wav,त्यसैले अफगानिस्तानमा अमेरिकी
d:\nepali_notetaker_project\nepali_notetaker_package\DataSet\asr_nepali_4\asr_nepali\data\4d\processed_wav\4d7180691a.wav,त्यस्तै टाइटानिकका आधिकारिक
d:\nepali_notetaker_project\nepali_notetaker_package\DataSet\asr_nepali_4\asr_nepali\data\4d\processed_wav\4daf480556.wav,त्यहाँ प्रतिमा स्थापना गरे
d:\nepali_notetaker_project\nepali_notetaker_package\DataSet\asr_nepali_4\asr_nepali\data\4d\processed_wav\4d94bb58a0.wav,त्यो कुराको जानकारी
d:\nepali_notetaker_project\nepali_notetaker_package\DataSet\asr_nepali_4\asr_nepali\data\4d\processed_wav\4d0db6555b.wav,त्यो पनि विदेशी
d:\nepali_notetaker_project\nepali_notetaker_package\DataSet\asr_nepali_4\asr_nepali\data\4d\processed_wav\4ded87239a.wav,त्यो पुरस्कार
d:\nepali_notetaker_project\nepali_notetaker_package\DataSet\asr_nepali_4\asr_nepali\data\4d\processed_wav\4dd1b5159b.wav,थियो यसै कारण
d:\nepali_notetaker_project\nepali_notetaker_package\DataSet\asr_nepali_4\asr_nepali\data\4d\processed_wav\4dbea4fdef.wav,थुनिएको जस्तो महसुस
d:\nepali_notetaker_project\nepali_notetaker_package\DataSet\asr_nepali_4\asr_nepali\data\4d\processed_wav\4d88e0c518.wav,दक्षिण ध्रुव नजिकै
d:\nepali_notetaker_project\nepali_notetaker_package\DataSet\asr_nepali_4\asr_nepali\data\4d\processed_wav\4d3cab288a.wav,दण्डनायक मान्ने गरिन्छ
d:\nepali_notetaker_project\nepali_notetaker_package\DataSet\asr_nepali_4\asr_nepali\data\4d\processed_wav\4dee4952f7.wav,दशकमा बच्चनले अभिनयमा
d:\nepali_notetaker_project\nepali_notetaker_package\DataSet\asr_nepali_4\asr_nepali\data\4d\processed_wav\4d2c2f3b23.wav,दहत्तर बहत्तर वनकस
d:\nepali_notetaker_project\nepali_notetaker_package\DataSet\asr_nepali_4\asr_nepali\data\4d\processed_wav\4db3812801.wav,दाबी गर्नेहरूले
d:\nepali_notetaker_project\nepali_notetaker_package\DataSet\asr_nepali_4\asr_nepali\data\4d\processed_wav\4dbdb398cf.wav,दिनहरूको समय
d:\nepali_notetaker_project\nepali_notetaker_package\DataSet\asr_nepali_4\asr_nepali\data\4d\processed_wav\4d88ea8888.wav,दिवङ्गत भयो
d:\nepali_notetaker_project\nepali_notetaker_package\DataSet\asr_nepali_4\asr_nepali\data\4d\processed_wav\4da30c3c13.wav,दृष्टिबाट भारतको अन्य
d:\nepali_notetaker_project\nepali_notetaker_package\DataSet\asr_nepali_4\asr_nepali\data\4d\processed_wav\4dda7c0574.wav,देखि लिएर २०
d:\nepali_notetaker_project\nepali_notetaker_package\DataSet\asr_nepali_4\asr_nepali\data\4d\processed_wav\4deafb7423.wav,देखेर गर्व लाग्छ
d:\nepali_notetaker_project\nepali_notetaker_package\DataSet\asr_nepali_4\asr_nepali\data\4d\processed_wav\4dfe8f4781.wav,देखेर तिनीहरू सहन
d:\nepali_notetaker_project\nepali_notetaker_package\DataSet\asr_nepali_4\asr_nepali\data\4d\processed_wav\4d2ba413f8.wav,देवतुल्य आफ्ना मातापिताको
d:\nepali_notetaker_project\nepali_notetaker_package\DataSet\asr_nepali_4\asr_nepali\data\4d\processed_wav\4d55b85684.wav,देवीका मुर्तिहरू जसको
d:\nepali_notetaker_project\nepali_notetaker_package\DataSet\asr_nepali_4\asr_nepali\data\4d\processed_wav\4d395f9d14.wav,देश ब्राजिलले पेलेको
d:\nepali_notetaker_project\nepali_notetaker_package\DataSet\asr_nepali_4\asr_nepali\data\4d\processed_wav\4db403e26c.wav,देश र संसारको
d:\nepali_notetaker_project\nepali_notetaker_package\DataSet\asr_nepali_4\asr_nepali\data\4d\processed_wav\4d526470b8.wav,धनुषा जिल्लाको एक
d:\nepali_notetaker_project\nepali_notetaker_package\DataSet\asr_nepali_4\asr_nepali\data\4d\processed_wav\4d0e7fefaa.wav,धार्मिक कर्मकाण्डहरूमा पौरोहित्यको
d:\nepali_notetaker_project\nepali_notetaker_package\DataSet\asr_nepali_4\asr_nepali\data\4d\processed_wav\4d289995a1.wav,धार्मिक विश्वास र आस्थाअनुरूपको
d:\nepali_notetaker_project\nepali_notetaker_package\DataSet\asr_nepali_4\asr_nepali\data\4d\processed_wav\4d551f2794.wav,धृतराष्ट्रको अनुरोधमा गृहयुद्धका
d:\nepali_notetaker_project\nepali_notetaker_package\DataSet\asr_nepali_4\asr_nepali\data\4d\processed_wav\4d21480fec.wav,धेरै अन्य चिजहरू
d:\nepali_notetaker_project\nepali_notetaker_package\DataSet\asr_nepali_4\asr_nepali\data\4d\processed_wav\4df473fb0f.wav,धोका पाइनेछ
d:\nepali_notetaker_project\nepali_notetaker_package\DataSet\asr_nepali_4\asr_nepali\data\4d\processed_wav\4dea73748d.wav,नयाँ ताराहरू विभिन्न
d:\nepali_notetaker_project\nepali_notetaker_package\DataSet\asr_nepali_4\asr_nepali\data\4d\processed_wav\4d6cb0c37a.wav,नाच प्रदर्शनका क्रममा देवगणले मान्छेरूपी माछा समात्न खोज्छन्।
d:\nepali_notetaker_project\nepali_notetaker_package\DataSet\asr_nepali_4\asr_nepali\data\4d\processed_wav\4d0779e05c.wav,नामक एक पश्चिमी
d:\nepali_notetaker_project\nepali_notetaker_package\DataSet\asr_nepali_4\asr_nepali\data\4d\processed_wav\4d21d4eb6d.wav,नामक फुटबल क्लबका
d:\nepali_notetaker_project\nepali_notetaker_package\DataSet\asr_nepali_4\asr_nepali\data\4d\processed_wav\4d82af45d6.wav,नाम नै त्यस्तै छ
d:\nepali_notetaker_project\nepali_notetaker_package\DataSet\asr_nepali_4\asr_nepali\data\4d\processed_wav\4db7dc9006.wav,नामबाट महेन्द्र राजमार्ग
d:\nepali_notetaker_project\nepali_notetaker_package\DataSet\asr_nepali_4\asr_nepali\data\4d\processed_wav\4d30b8be3f.wav,नारा ल्याएका थिए
d:\nepali_notetaker_project\nepali_notetaker_package\DataSet\asr_nepali_4\asr_nepali\data\4d\processed_wav\4d673b98d6.wav,निकै कमी आएको छ
d:\nepali_notetaker_project\nepali_notetaker_package\DataSet\asr_nepali_4\asr_nepali\data\4d\processed_wav\4d81ba12e1.wav,निकै सहयोग
d:\nepali_notetaker_project\nepali_notetaker_package\DataSet\asr_nepali_4\asr_nepali\data\4d\processed_wav\4d2ceba7fd.wav,निजहरूका अधिकार तथा कर्तव्यहरू
d:\nepali_notetaker_project\nepali_notetaker_package\DataSet\asr_nepali_4\asr_nepali\data\4d\processed_wav\4db5ef0478.wav,निभाइरहेको थियो जसको
d:\nepali_notetaker_project\nepali_notetaker_package\DataSet\asr_nepali_4\asr_nepali\data\4d\processed_wav\4d86a55a58.wav,निर्मित उमामहेश्वरको मूर्ति
d:\nepali_notetaker_project\nepali_notetaker_package\DataSet\asr_nepali_4\asr_nepali\data\4d\processed_wav\4d12251b9a.wav,निर्वाचनमा जनताका
d:\nepali_notetaker_project\nepali_notetaker_package\DataSet\asr_nepali_4\asr_nepali\data\4d\processed_wav\4d6b6453ef.wav,नेता भनेको
d:\nepali_notetaker_project\nepali_notetaker_package\DataSet\asr_nepali_4\asr_nepali\data\4d\processed_wav\4d54f604bf.wav,नेपाल प्रहरीले गर्दछ
d:\nepali_notetaker_project\nepali_notetaker_package\DataSet\asr_nepali_4\asr_nepali\data\4d\processed_wav\4dd90c581c.wav,नेपालमा एक
d:\nepali_notetaker_project\nepali_notetaker_package\DataSet\asr_nepali_4\asr_nepali\data\4d\processed_wav\4decc6f789.wav,नेपाली तथा अङ्ग्रेजीमा
d:\nepali_notetaker_project\nepali_notetaker_package\DataSet\asr_nepali_4\asr_nepali\data\4d\processed_wav\4d8b306fa9.wav,नेपाली विश्वकोश निर्माणको
d:\nepali_notetaker_project\nepali_notetaker_package\DataSet\asr_nepali_4\asr_nepali\data\4d\processed_wav\4d12a012d1.wav,नै त्रिभुवन विश्वविद्यालयको
d:\nepali_notetaker_project\nepali_notetaker_package\DataSet\asr_nepali_4\asr_nepali\data\4d\processed_wav\4dfddc1bc6.wav,पग्लन सुरु गर्दछ
d:\nepali_notetaker_project\nepali_notetaker_package\DataSet\asr_nepali_4\asr_nepali\data\4d\processed_wav\4dbdcc5276.wav,पञ्चकन्या गाविसमा रहेको
d:\nepali_notetaker_project\nepali_notetaker_package\DataSet\asr_nepali_4\asr_nepali\data\4d\processed_wav\4db3dcdce5.wav,पञ्चशीलमा
d:\nepali_notetaker_project\nepali_notetaker_package\DataSet\asr_nepali_4\asr_nepali\data\4d\processed_wav\4d318f0f26.wav,पटक खुम्बुतिर झर्ने
d:\nepali_notetaker_project\nepali_notetaker_package\DataSet\asr_nepali_4\asr_nepali\data\4d\processed_wav\4d918368ec.wav,पठाएका थिए
d:\nepali_notetaker_project\nepali_notetaker_package\DataSet\asr_nepali_4\asr_nepali\data\4d\processed_wav\4d30bbd70d.wav,पत्रिका वितरण गरेर
d:\nepali_notetaker_project\nepali_notetaker_package\DataSet\asr_nepali_4\asr_nepali\data\4d\processed_wav\4d7b1c24ec.wav,पनि काम लाग्छ
d:\nepali_notetaker_project\nepali_notetaker_package\DataSet\asr_nepali_4\asr_nepali\data\4d\processed_wav\4df08e4133.wav,पनि देखिन्थ्यो
d:\nepali_notetaker_project\nepali_notetaker_package\DataSet\asr_nepali_4\asr_nepali\data\4d\processed_wav\4d4e32578f.wav,परबल सब्जीको
d:\nepali_notetaker_project\nepali_notetaker_package\DataSet\asr_nepali_4\asr_nepali\data\4d\processed_wav\4dea989e01.wav,परमावश्यक हो
d:\nepali_notetaker_project\nepali_notetaker_package\DataSet\asr_nepali_4\asr_nepali\data\4d\processed_wav\4dae6fd874.wav,परम्परागत बाजागाजा
d:\nepali_notetaker_project\nepali_notetaker_package\DataSet\asr_nepali_4\asr_nepali\data\4d\processed_wav\4d37138a38.wav,परम्परा छ तैपनि
d:\nepali_notetaker_project\nepali_notetaker_package\DataSet\asr_nepali_4\asr_nepali\data\4d\processed_wav\4dca01d580.wav,परिणत भयो
d:\nepali_notetaker_project\nepali_notetaker_package\DataSet\asr_nepali_4\asr_nepali\data\4d\processed_wav\4dfc0c1698.wav,पहाडले ओगटेको छ
d:\nepali_notetaker_project\nepali_notetaker_package\DataSet\asr_nepali_4\asr_nepali\data\4d\processed_wav\4de54c4c29.wav,पहाडी जिल्लाहरू
d:\nepali_notetaker_project\nepali_notetaker_package\DataSet\asr_nepali_4\asr_nepali\data\4d\processed_wav\4dae32ce3a.wav,पहिचान र पछाडि पारिएका
d:\nepali_notetaker_project\nepali_notetaker_package\DataSet\asr_nepali_4\asr_nepali\data\4d\processed_wav\4da07b2e81.wav,पहिला आफ्नो पतिलाई
d:\nepali_notetaker_project\nepali_notetaker_package\DataSet\asr_nepali_4\asr_nepali\data\4d\processed_wav\4d908e904a.wav,पहिला ग्रहहरूलाई हेर्ने
d:\nepali_notetaker_project\nepali_notetaker_package\DataSet\asr_nepali_4\asr_nepali\data\4d\processed_wav\4d70029445.wav,पहुँच प्राप्त गरेका
d:\nepali_notetaker_project\nepali_notetaker_package\DataSet\asr_nepali_4\asr_nepali\data\4d\processed_wav\4df8362ccd.wav,पारित भयो
d:\nepali_notetaker_project\nepali_notetaker_package\DataSet\asr_nepali_4\asr_nepali\data\4d\processed_wav\4d5d7f04d3.wav,पारी भित्रतिर बनाइएको
d:\nepali_notetaker_project\nepali_notetaker_package\DataSet\asr_nepali_4\asr_nepali\data\4d\processed_wav\4d23a424bc.wav,पाश्चात्य हुने हुनाले
d:\nepali_notetaker_project\nepali_notetaker_package\DataSet\asr_nepali_4\asr_nepali\data\4d\processed_wav\4ddb518aaa.wav,पिउठ बस्ने ठाना
d:\nepali_notetaker_project\nepali_notetaker_package\DataSet\asr_nepali_4\asr_nepali\data\4d\processed_wav\4dfefc297f.wav,पीडा किन हुन्छ
d:\nepali_notetaker_project\nepali_notetaker_package\DataSet\asr_nepali_4\asr_nepali\data\4d\processed_wav\4db6d9e058.wav,पुनः भोजन तयार गरी
d:\nepali_notetaker_project\nepali_notetaker_package\DataSet\asr_nepali_4\asr_nepali\data\4d\processed_wav\4d5b4ba97b.wav,पुरस्कार आदिकवि भानुभक्त
d:\nepali_notetaker_project\nepali_notetaker_package\DataSet\asr_nepali_4\asr_nepali\data\4d\processed_wav\4dbb10b172.wav,पुर्खाहरूले नासोका रूपमा
d:\nepali_notetaker_project\nepali_notetaker_package\DataSet\asr_nepali_4\asr_nepali\data\4d\processed_wav\4dcf5398ee.wav,पुर्‍याई देशविदेशका प्रतिष्ठित
d:\nepali_notetaker_project\nepali_notetaker_package\DataSet\asr_nepali_4\asr_nepali\data\4d\processed_wav\4dcc6ddeb5.wav,पुर्‍याउन र व्यवस्थापन
d:\nepali_notetaker_project\nepali_notetaker_package\DataSet\asr_nepali_4\asr_nepali\data\4d\processed_wav\4deaf77215.wav,पुष्करध्वज शाही तौल
d:\nepali_notetaker_project\nepali_notetaker_package\DataSet\asr_nepali_4\asr_nepali\data\4d\processed_wav\4d211cfab7.wav,पुस्तक साहित्यकार बिपी
d:\nepali_notetaker_project\nepali_notetaker_package\DataSet\asr_nepali_4\asr_nepali\data\4d\processed_wav\4dee967b57.wav,पूर्वाञ्चल विकासक्षेत्र
d:\nepali_notetaker_project\nepali_notetaker_package\DataSet\asr_nepali_4\asr_nepali\data\4d\processed_wav\4d8d686bda.wav,पेयको माथि २ सेमि
d:\nepali_notetaker_project\nepali_notetaker_package\DataSet\asr_nepali_4\asr_nepali\data\4d\processed_wav\4dc6d06d66.wav,प्रकारबाट क्रमशः
d:\nepali_notetaker_project\nepali_notetaker_package\DataSet\asr_nepali_4\asr_nepali\data\4d\processed_wav\4d0dedc116.wav,प्रकाश मान सिंह
d:\nepali_notetaker_project\nepali_notetaker_package\DataSet\asr_nepali_4\asr_nepali\data\4d\processed_wav\4dd8d6895e.wav,प्रकाशित भएको छ
d:\nepali_notetaker_project\nepali_notetaker_package\DataSet\asr_nepali_4\asr_nepali\data\4d\processed_wav\4d23ca189a.wav,प्रतिलिपि अधिकार हो
d:\nepali_notetaker_project\nepali_notetaker_package\DataSet\asr_nepali_4\asr_nepali\data\4d\processed_wav\4d7c5336c2.wav,प्रत्यक्षतर्फ कुल ५५
d:\nepali_notetaker_project\nepali_notetaker_package\DataSet\asr_nepali_4\asr_nepali\data\4d\processed_wav\4d060b6e7a.wav,प्रथम पल्ट
d:\nepali_notetaker_project\nepali_notetaker_package\DataSet\asr_nepali_4\asr_nepali\data\4d\processed_wav\4d246dc30f.wav,प्रदर्शन गरेको पाइन्छ
d:\nepali_notetaker_project\nepali_notetaker_package\DataSet\asr_nepali_4\asr_nepali\data\4d\processed_wav\4db1a841ba.wav,प्रयोगकर्ताहरूको सङ्ख्या
d:\nepali_notetaker_project\nepali_notetaker_package\DataSet\asr_nepali_4\asr_nepali\data\4d\processed_wav\4ddfcafbca.wav,प्रयोग गरे
d:\nepali_notetaker_project\nepali_notetaker_package\DataSet\asr_nepali_4\asr_nepali\data\4d\processed_wav\4d183bc16a.wav,प्रयोग गर्दछन्
d:\nepali_notetaker_project\nepali_notetaker_package\DataSet\asr_nepali_4\asr_nepali\data\4d\processed_wav\4d58a9d57c.wav,प्रयोगले प्रमुख खगोलविदद्वारा
d:\nepali_notetaker_project\nepali_notetaker_package\DataSet\asr_nepali_4\asr_nepali\data\4d\processed_wav\4dac8862ce.wav,प्रशासन उल्ट्याउने आदि
d:\nepali_notetaker_project\nepali_notetaker_package\DataSet\asr_nepali_4\asr_nepali\data\4d\processed_wav\4da24dd6a4.wav,प्राकृतिक वा अप्राकृतिक
d:\nepali_notetaker_project\nepali_notetaker_package\DataSet\asr_nepali_4\asr_nepali\data\4d\processed_wav\4d2297dace.wav,प्राचीन ग्रिसेली साहित्यमा
d:\nepali_notetaker_project\nepali_notetaker_package\DataSet\asr_nepali_4\asr_nepali\data\4d\processed_wav\4d587b2cb1.wav,प्राचीन साँस्कृतिक सम्पदा
d:\nepali_notetaker_project\nepali_notetaker_package\DataSet\asr_nepali_4\asr_nepali\data\4d\processed_wav\4d1c3c710a.wav,प्राथमिक तहसम्मको शिक्षा
d:\nepali_notetaker_project\nepali_notetaker_package\DataSet\asr_nepali_4\asr_nepali\data\4d\processed_wav\4dca31b7eb.wav,प्रोत्साहन गर्नु
d:\nepali_notetaker_project\nepali_notetaker_package\DataSet\asr_nepali_4\asr_nepali\data\4d\processed_wav\4d2059758f.wav,प्रोफाइल आफैँले सम्पादन
d:\nepali_notetaker_project\nepali_notetaker_package\DataSet\asr_nepali_4\asr_nepali\data\4d\processed_wav\4deacb87b8.wav,फलको बोक्रा पातलो
d:\nepali_notetaker_project\nepali_notetaker_package\DataSet\asr_nepali_4\asr_nepali\data\4d\processed_wav\4d2bb1b167.wav,फलमा खनिजको सङ्ख्या
d:\nepali_notetaker_project\nepali_notetaker_package\DataSet\asr_nepali_4\asr_nepali\data\4d\processed_wav\4d4cd04e65.wav,फाइबर मुख्यतया दूरसञ्चार
d:\nepali_notetaker_project\nepali_notetaker_package\DataSet\asr_nepali_4\asr_nepali\data\4d\processed_wav\4d4d914dba.wav,फिर्ता भयो
d:\nepali_notetaker_project\nepali_notetaker_package\DataSet\asr_nepali_4\asr_nepali\data\4d\processed_wav\4dc32ca50f.wav,फिलिप किन्ड्रेक डिकद्वारा
d:\nepali_notetaker_project\nepali_notetaker_package\DataSet\asr_nepali_4\asr_nepali\data\4d\processed_wav\4d1098576d.wav,फेरि क्रियाशील भएको
d:\nepali_notetaker_project\nepali_notetaker_package\DataSet\asr_nepali_4\asr_nepali\data\4d\processed_wav\4dc025ea56.wav,फैसला गर्‍यो
d:\nepali_notetaker_project\nepali_notetaker_package\DataSet\asr_nepali_4\asr_nepali\data\4d\processed_wav\4d5d7fbccc.wav,बच्चनको आवाजबाट प्रसिद्ध
d:\nepali_notetaker_project\nepali_notetaker_package\DataSet\asr_nepali_4\asr_nepali\data\4d\processed_wav\4d5c60ab4d.wav,बढ्दै गएको छ
d:\nepali_notetaker_project\nepali_notetaker_package\DataSet\asr_nepali_4\asr_nepali\data\4d\processed_wav\4d0b92365d.wav,बनेको कुचो
d:\nepali_notetaker_project\nepali_notetaker_package\DataSet\asr_nepali_4\asr_nepali\data\4d\processed_wav\4d015a7074.wav,बनेको सबै शेष मेरो
d:\nepali_notetaker_project\nepali_notetaker_package\DataSet\asr_nepali_4\asr_nepali\data\4d\processed_wav\4d758b0e81.wav,बसोबास छ
d:\nepali_notetaker_project\nepali_notetaker_package\DataSet\asr_nepali_4\asr_nepali\data\4d\processed_wav\4dd37fbe6f.wav,बसोबास रहेको यस
d:\nepali_notetaker_project\nepali_notetaker_package\DataSet\asr_nepali_4\asr_nepali\data\4d\processed_wav\4de67e4bc6.wav,बहाली भई छाड्ने
d:\nepali_notetaker_project\nepali_notetaker_package\DataSet\asr_nepali_4\asr_nepali\data\4d\processed_wav\4d89a1cb0d.wav,बहुमत उनकै पक्षमा थियो
d:\nepali_notetaker_project\nepali_notetaker_package\DataSet\asr_nepali_4\asr_nepali\data\4d\processed_wav\4d310e0b06.wav,बाउलाई नमार्नु
d:\nepali_notetaker_project\nepali_notetaker_package\DataSet\asr_nepali_4\asr_nepali\data\4d\processed_wav\4da01097e1.wav,बाग्लुङ जिल्लामा पर्दछ
d:\nepali_notetaker_project\nepali_notetaker_package\DataSet\asr_nepali_4\asr_nepali\data\4d\processed_wav\4da541b9a2.wav,बाछे मजबाङ बाइबाङ
d:\nepali_notetaker_project\nepali_notetaker_package\DataSet\asr_nepali_4\asr_nepali\data\4d\processed_wav\4dc4b62f7e.wav,बाध्य पुष्पलालले चारैतिर
d:\nepali_notetaker_project\nepali_notetaker_package\DataSet\asr_nepali_4\asr_nepali\data\4d\processed_wav\4dfbb20a9f.wav,बानीले कब्जियत नियन्त्रणमा
d:\nepali_notetaker_project\nepali_notetaker_package\DataSet\asr_nepali_4\asr_nepali\data\4d\processed_wav\4dd223b66e.wav,बारेमा केही सुझावहरू
d:\nepali_notetaker_project\nepali_notetaker_package\DataSet\asr_nepali_4\asr_nepali\data\4d\processed_wav\4db02210fc.wav,बाहुन मगर गुरुङ
d:\nepali_notetaker_project\nepali_notetaker_package\DataSet\asr_nepali_4\asr_nepali\data\4d\processed_wav\4d6941eb78.wav,बाँचिरहेका समुदायबाहेक
d:\nepali_notetaker_project\nepali_notetaker_package\DataSet\asr_nepali_4\asr_nepali\data\4d\processed_wav\4d735abf79.wav,बाँच्न रहर पलाएको छ
d:\nepali_notetaker_project\nepali_notetaker_package\DataSet\asr_nepali_4\asr_nepali\data\4d\processed_wav\4d58da7cde.wav,बिएचयुबाट कला विषयमा
d:\nepali_notetaker_project\nepali_notetaker_package\DataSet\asr_nepali_4\asr_nepali\data\4d\processed_wav\4d4723cd89.wav,बिक्रीका लागि प्रदर्शित
d:\nepali_notetaker_project\nepali_notetaker_package\DataSet\asr_nepali_4\asr_nepali\data\4d\processed_wav\4df36f7ce8.wav,बिगार्न सक्नु हुने
d:\nepali_notetaker_project\nepali_notetaker_package\DataSet\asr_nepali_4\asr_nepali\data\4d\processed_wav\4de7e332a5.wav,बिन्दु उत्परितर्वन अति
d:\nepali_notetaker_project\nepali_notetaker_package\DataSet\asr_nepali_4\asr_nepali\data\4d\processed_wav\4dfceab003.wav,बिमल रायको नौकरीमा
d:\nepali_notetaker_project\nepali_notetaker_package\DataSet\asr_nepali_4\asr_nepali\data\4d\processed_wav\4de479adf6.wav,बुहारी छोरीहरू समुद्रकुमारी
d:\nepali_notetaker_project\nepali_notetaker_package\DataSet\asr_nepali_4\asr_nepali\data\4d\processed_wav\4d7cae433c.wav,बोलिदिने आफ्नाहरू नहुने
d:\nepali_notetaker_project\nepali_notetaker_package\DataSet\asr_nepali_4\asr_nepali\data\4d\processed_wav\4dea66b42d.wav,भइसकेका छन्
d:\nepali_notetaker_project\nepali_notetaker_package\DataSet\asr_nepali_4\asr_nepali\data\4d\processed_wav\4df631128b.wav,भएका कुराहरू हुनेछन्
d:\nepali_notetaker_project\nepali_notetaker_package\DataSet\asr_nepali_4\asr_nepali\data\4d\processed_wav\4d894328f6.wav,भएको पाइन्छ
d:\nepali_notetaker_project\nepali_notetaker_package\DataSet\asr_nepali_4\asr_nepali\data\4d\processed_wav\4de3a92e44.wav,भएको भिरपाखा एवं
d:\nepali_notetaker_project\nepali_notetaker_package\DataSet\asr_nepali_4\asr_nepali\data\4d\processed_wav\4d8e03e668.wav,भए पनि स्वीकार गरे
d:\nepali_notetaker_project\nepali_notetaker_package\DataSet\asr_nepali_4\asr_nepali\data\4d\processed_wav\4d95ba29b6.wav,भएर पनि हिन्दू
d:\nepali_notetaker_project\nepali_notetaker_package\DataSet\asr_nepali_4\asr_nepali\data\4d\processed_wav\4dca5da39c.wav,भयो भने यदि
d:\nepali_notetaker_project\nepali_notetaker_package\DataSet\asr_nepali_4\asr_nepali\data\4d\processed_wav\4def373009.wav,भर्ती गर्न चाहनु
d:\nepali_notetaker_project\nepali_notetaker_package\DataSet\asr_nepali_4\asr_nepali\data\4d\processed_wav\4d8f02754a.wav,भवन हो
d:\nepali_notetaker_project\nepali_notetaker_package\DataSet\asr_nepali_4\asr_nepali\data\4d\processed_wav\4df2cf5986.wav,भागको पूरै तरिकाबाट
d:\nepali_notetaker_project\nepali_notetaker_package\DataSet\asr_nepali_4\asr_nepali\data\4d\processed_wav\4ddedc7f73.wav,भाग्न सफल भए
d:\nepali_notetaker_project\nepali_notetaker_package\DataSet\asr_nepali_4\asr_nepali\data\4d\processed_wav\4d17c971d9.wav,भारत सरकारको संस्कृति
d:\nepali_notetaker_project\nepali_notetaker_package\DataSet\asr_nepali_4\asr_nepali\data\4d\processed_wav\4d5e03eb1b.wav,भारतीय कृषि अनुसन्धान
d:\nepali_notetaker_project\nepali_notetaker_package\DataSet\asr_nepali_4\asr_nepali\data\4d\processed_wav\4d2f260cf1.wav,भारतीय राज्य आसामको
d:\nepali_notetaker_project\nepali_notetaker_package\DataSet\asr_nepali_4\asr_nepali\data\4d\processed_wav\4d3c976b31.wav,भिषण प्रचन्डताका साथ
d:\nepali_notetaker_project\nepali_notetaker_package\DataSet\asr_nepali_4\asr_nepali\data\4d\processed_wav\4d8d945988.wav,भूमिगत कार्यकर्ता हुनुभएका
d:\nepali_notetaker_project\nepali_notetaker_package\DataSet\asr_nepali_4\asr_nepali\data\4d\processed_wav\4d72892ac2.wav,भूमिलाई पूर्व स्थितिमा
d:\nepali_notetaker_project\nepali_notetaker_package\DataSet\asr_nepali_4\asr_nepali\data\4d\processed_wav\4d7cf751cb.wav,भोक पनि बढ्ने गर्छ
d:\nepali_notetaker_project\nepali_notetaker_package\DataSet\asr_nepali_4\asr_nepali\data\4d\processed_wav\4d635be417.wav,मकर मेला त्रिवेणी
d:\nepali_notetaker_project\nepali_notetaker_package\DataSet\asr_nepali_4\asr_nepali\data\4d\processed_wav\4d1af6a508.wav,मकै जौ कन्जी
d:\nepali_notetaker_project\nepali_notetaker_package\DataSet\asr_nepali_4\asr_nepali\data\4d\processed_wav\4d47bde23c.wav,मत दिनु भएको
d:\nepali_notetaker_project\nepali_notetaker_package\DataSet\asr_nepali_4\asr_nepali\data\4d\processed_wav\4d6c104e1c.wav,मध्येको एक थिए
d:\nepali_notetaker_project\nepali_notetaker_package\DataSet\asr_nepali_4\asr_nepali\data\4d\processed_wav\4de28da0e7.wav,मल्लिका चन्द र
d:\nepali_notetaker_project\nepali_notetaker_package\DataSet\asr_nepali_4\asr_nepali\data\4d\processed_wav\4d89c4b70e.wav,महत्त्वपूर्ण योग दिएको छ
d:\nepali_notetaker_project\nepali_notetaker_package\DataSet\asr_nepali_4\asr_nepali\data\4d\processed_wav\4d1d3bf4ef.wav,महात्मा गान्धी जब जब इलाहाबाद आउँथे तब यहीँ रहन्थे।
d:\nepali_notetaker_project\nepali_notetaker_package\DataSet\asr_nepali_4\asr_nepali\data\4d\processed_wav\4d6f22a300.wav,महादेवको मन्दिर स्थापनापूर्व
d:\nepali_notetaker_project\nepali_notetaker_package\DataSet\asr_nepali_4\asr_nepali\data\4d\processed_wav\4d883899a5.wav,महाभारत अनि अन्य
d:\nepali_notetaker_project\nepali_notetaker_package\DataSet\asr_nepali_4\asr_nepali\data\4d\processed_wav\4d617344a6.wav,महाराष्ट्रको रामटेक स्थित
d:\nepali_notetaker_project\nepali_notetaker_package\DataSet\asr_nepali_4\asr_nepali\data\4d\processed_wav\4ddde17ce8.wav,महांकाल संहितामा छ
d:\nepali_notetaker_project\nepali_notetaker_package\DataSet\asr_nepali_4\asr_nepali\data\4d\processed_wav\4dd2b1d18f.wav,महँगा सुविधा सम्पन
d:\nepali_notetaker_project\nepali_notetaker_package\DataSet\asr_nepali_4\asr_nepali\data\4d\processed_wav\4d36dedacf.wav,माछापुच्छ्रे हिमालको मनोरम
d:\nepali_notetaker_project\nepali_notetaker_package\DataSet\asr_nepali_4\asr_nepali\data\4d\processed_wav\4d57246fb4.wav,मात्र तयार गरिएको थियो
d:\nepali_notetaker_project\nepali_notetaker_package\DataSet\asr_nepali_4\asr_nepali\data\4d\processed_wav\4d51696bbd.wav,मात्र बोटबिरुवालगायतका उनको
d:\nepali_notetaker_project\nepali_notetaker_package\DataSet\asr_nepali_4\asr_nepali\data\4d\processed_wav\4d15314de5.wav,माथि चोया बुन्दा
d:\nepali_notetaker_project\nepali_notetaker_package\DataSet\asr_nepali_4\asr_nepali\data\4d\processed_wav\4d3633abbd.wav,माधव सापकोटाद्वारा भएको छ
d:\nepali_notetaker_project\nepali_notetaker_package\DataSet\asr_nepali_4\asr_nepali\data\4d\processed_wav\4d081a826b.wav,मानचित्रमा पनि उल्लेखनीय
d:\nepali_notetaker_project\nepali_notetaker_package\DataSet\asr_nepali_4\asr_nepali\data\4d\processed_wav\4d98638fd2.wav,मानिएको कृषिमा लगातार
d:\nepali_notetaker_project\nepali_notetaker_package\DataSet\asr_nepali_4\asr_nepali\data\4d\processed_wav\4d33e27971.wav,मान्दै आएका शुद्धोधनका
d:\nepali_notetaker_project\nepali_notetaker_package\DataSet\asr_nepali_4\asr_nepali\data\4d\processed_wav\4df3625708.wav,मान्नुले इन्कार
d:\nepali_notetaker_project\nepali_notetaker_package\DataSet\asr_nepali_4\asr_nepali\data\4d\processed_wav\4deccfa12d.wav,मिला प्रोडक्सनद्वारा निर्मित
d:\nepali_notetaker_project\nepali_notetaker_package\DataSet\asr_nepali_4\asr_nepali\data\4d\processed_wav\4d33374212.wav,मिलेर यसले ग्रामीण
d:\nepali_notetaker_project\nepali_notetaker_package\DataSet\asr_nepali_4\asr_nepali\data\4d\processed_wav\4db0667695.wav,मुक्त दर्जा प्रदान
d:\nepali_notetaker_project\nepali_notetaker_package\DataSet\asr_nepali_4\asr_nepali\data\4d\processed_wav\4dd9582976.wav,मुख मैथुन
d:\nepali_notetaker_project\nepali_notetaker_package\DataSet\asr_nepali_4\asr_nepali\data\4d\processed_wav\4d5408dd2d.wav,मेची कोशी र सगरमाथा
d:\nepali_notetaker_project\nepali_notetaker_package\DataSet\asr_nepali_4\asr_nepali\data\4d\processed_wav\4df6d7abfb.wav,मेटामा सम्पर्क गर्दा
d:\nepali_notetaker_project\nepali_notetaker_package\DataSet\asr_nepali_4\asr_nepali\data\4d\processed_wav\4da737b4da.wav,मेरो विचार थियो कि
d:\nepali_notetaker_project\nepali_notetaker_package\DataSet\asr_nepali_4\asr_nepali\data\4d\processed_wav\4d7d372945.wav,मैले दिएका योगदानहरूलाई
d:\nepali_notetaker_project\nepali_notetaker_package\DataSet\asr_nepali_4\asr_nepali\data\4d\processed_wav\4d38d6801b.wav,मोचन हुने भयो
d:\nepali_notetaker_project\nepali_notetaker_package\DataSet\asr_nepali_4\asr_nepali\data\4d\processed_wav\4d8943c6c2.wav,यति प्राचीन नगर
d:\nepali_notetaker_project\nepali_notetaker_package\DataSet\asr_nepali_4\asr_nepali\data\4d\processed_wav\4d870930e1.wav,यदि ईश्वर गर्मसिद्धान्तदेखि
d:\nepali_notetaker_project\nepali_notetaker_package\DataSet\asr_nepali_4\asr_nepali\data\4d\processed_wav\4d3b8837e0.wav,यदि उनीहरू भूमि
d:\nepali_notetaker_project\nepali_notetaker_package\DataSet\asr_nepali_4\asr_nepali\data\4d\processed_wav\4d69858aa1.wav,यदि बिना प्यारामिटर
d:\nepali_notetaker_project\nepali_notetaker_package\DataSet\asr_nepali_4\asr_nepali\data\4d\processed_wav\4d2d852ed1.wav,यद्यपि करिब २५ वटा
d:\nepali_notetaker_project\nepali_notetaker_package\DataSet\asr_nepali_4\asr_nepali\data\4d\processed_wav\4d61fbff63.wav,यस कार्बन माइक्रोफोनलाई
d:\nepali_notetaker_project\nepali_notetaker_package\DataSet\asr_nepali_4\asr_nepali\data\4d\processed_wav\4dc3f595fe.wav,यस कुराले एकदम
d:\nepali_notetaker_project\nepali_notetaker_package\DataSet\asr_nepali_4\asr_nepali\data\4d\processed_wav\4d5210dddc.wav,यस नगरको फैरिस
d:\nepali_notetaker_project\nepali_notetaker_package\DataSet\asr_nepali_4\asr_nepali\data\4d\processed_wav\4d0d387428.wav,यसमा पनि विचार
d:\nepali_notetaker_project\nepali_notetaker_package\DataSet\asr_nepali_4\asr_nepali\data\4d\processed_wav\4d71358f53.wav,यस यन्त्रका पाँच
d:\nepali_notetaker_project\nepali_notetaker_package\DataSet\asr_nepali_4\asr_nepali\data\4d\processed_wav\4dc63e635f.wav,यसरी बुझ्नुपर्छ
d:\nepali_notetaker_project\nepali_notetaker_package\DataSet\asr_nepali_4\asr_nepali\data\4d\processed_wav\4d38ddfa98.wav,यसलाई बाँझोपन
d:\nepali_notetaker_project\nepali_notetaker_package\DataSet\asr_nepali_4\asr_nepali\data\4d\processed_wav\4d94324301.wav,यसले आजका पाठकलाई
d:\nepali_notetaker_project\nepali_notetaker_package\DataSet\asr_nepali_4\asr_nepali\data\4d\processed_wav\4dfc21bdef.wav,यस शास्त्रमा जीवहरूको
d:\nepali_notetaker_project\nepali_notetaker_package\DataSet\asr_nepali_4\asr_nepali\data\4d\processed_wav\4dea88de25.wav,यस सहरको अनुमानित
d:\nepali_notetaker_project\nepali_notetaker_package\DataSet\asr_nepali_4\asr_nepali\data\4d\processed_wav\4dea8d552f.wav,यहाँ देशको
d:\nepali_notetaker_project\nepali_notetaker_package\DataSet\asr_nepali_4\asr_nepali\data\4d\processed_wav\4d68b8df3b.wav,यी दुईवटा राशि
d:\nepali_notetaker_project\nepali_notetaker_package\DataSet\asr_nepali_4\asr_nepali\data\4d\processed_wav\4dee4f3502.wav,युद्धमा जान
d:\nepali_notetaker_project\nepali_notetaker_package\DataSet\asr_nepali_4\asr_nepali\data\4d\processed_wav\4d294b0ecb.wav,यो आवाज तत्कालीन
d:\nepali_notetaker_project\nepali_notetaker_package\DataSet\asr_nepali_4\asr_nepali\data\4d\processed_wav\4d66c3e09c.wav,यो एक यस्तो
d:\nepali_notetaker_project\nepali_notetaker_package\DataSet\asr_nepali_4\asr_nepali\data\4d\processed_wav\4d540b2391.wav,यो क्रम अघि
d:\nepali_notetaker_project\nepali_notetaker_package\DataSet\asr_nepali_4\asr_nepali\data\4d\processed_wav\4d9ba2b19f.wav,योगका आचार्य पनि थिए
d:\nepali_notetaker_project\nepali_notetaker_package\DataSet\asr_nepali_4\asr_nepali\data\4d\processed_wav\4d1929ba2a.wav,योजनाका साथ त्यो
d:\nepali_notetaker_project\nepali_notetaker_package\DataSet\asr_nepali_4\asr_nepali\data\4d\processed_wav\4d968d1076.wav,योजनाका साथ त्यो
d:\nepali_notetaker_project\nepali_notetaker_package\DataSet\asr_nepali_4\asr_nepali\data\4d\processed_wav\4da32a3063.wav,यो जिल्लाको कुल
d:\nepali_notetaker_project\nepali_notetaker_package\DataSet\asr_nepali_4\asr_nepali\data\4d\processed_wav\4d765fab34.wav,यो ठाउँमा वटा घर छन्
d:\nepali_notetaker_project\nepali_notetaker_package\DataSet\asr_nepali_4\asr_nepali\data\4d\processed_wav\4d5114fd09.wav,यो ढाँचा नेभिगेसन
d:\nepali_notetaker_project\nepali_notetaker_package\DataSet\asr_nepali_4\asr_nepali\data\4d\processed_wav\4d354f3eb0.wav,यो ताप सूर्यका
d:\nepali_notetaker_project\nepali_notetaker_package\DataSet\asr_nepali_4\asr_nepali\data\4d\processed_wav\4d6beda682.wav,यो नेपाली भाषामा
d:\nepali_notetaker_project\nepali_notetaker_package\DataSet\asr_nepali_4\asr_nepali\data\4d\processed_wav\4d0c71e1d2.wav,यो पर्यटकीय स्थलका
d:\nepali_notetaker_project\nepali_notetaker_package\DataSet\asr_nepali_4\asr_nepali\data\4d\processed_wav\4d6c13d83b.wav,यो प्रायजसो दोहरिरहने समस्या हो
d:\nepali_notetaker_project\nepali_notetaker_package\DataSet\asr_nepali_4\asr_nepali\data\4d\processed_wav\4d282d0190.wav,यो बेला किरातहरूको
d:\nepali_notetaker_project\nepali_notetaker_package\DataSet\asr_nepali_4\asr_nepali\data\4d\processed_wav\4dfa2600c9.wav,यो मेलामा नेपालभित्रका
d:\nepali_notetaker_project\nepali_notetaker_package\DataSet\asr_nepali_4\asr_nepali\data\4d\processed_wav\4deb1fe632.wav,यो शब्द अङ्ग्रेजीबाट
d:\nepali_notetaker_project\nepali_notetaker_package\DataSet\asr_nepali_4\asr_nepali\data\4d\processed_wav\4d9ac84381.wav,र अटुट पानीको मुहान
d:\nepali_notetaker_project\nepali_notetaker_package\DataSet\asr_nepali_4\asr_nepali\data\4d\processed_wav\4d538c797f.wav,र अत्याधिक औपनिवेशिक
d:\nepali_notetaker_project\nepali_notetaker_package\DataSet\asr_nepali_4\asr_nepali\data\4d\processed_wav\4d5fc25152.wav,र अस्पतालका निम्नलिखित
d:\nepali_notetaker_project\nepali_notetaker_package\DataSet\asr_nepali_4\asr_nepali\data\4d\processed_wav\4ded03714a.wav,रगत चुस्न थाल्छ
d:\nepali_notetaker_project\nepali_notetaker_package\DataSet\asr_nepali_4\asr_nepali\data\4d\processed_wav\4db80229d0.wav,रचिएका उनका अनेक
d:\nepali_notetaker_project\nepali_notetaker_package\DataSet\asr_nepali_4\asr_nepali\data\4d\processed_wav\4d44602037.wav,र फेरिसको पटकथालाई
d:\nepali_notetaker_project\nepali_notetaker_package\DataSet\asr_nepali_4\asr_nepali\data\4d\processed_wav\4d54972067.wav,रहेको अफगानिस्तान
d:\nepali_notetaker_project\nepali_notetaker_package\DataSet\asr_nepali_4\asr_nepali\data\4d\processed_wav\4de6eeceeb.wav,रहेर काम गर्ने
d:\nepali_notetaker_project\nepali_notetaker_package\DataSet\asr_nepali_4\asr_nepali\data\4d\processed_wav\4d850d5a54.wav,राजधानी सहर
d:\nepali_notetaker_project\nepali_notetaker_package\DataSet\asr_nepali_4\asr_nepali\data\4d\processed_wav\4dd9d0ffd7.wav,राजधानी हो
d:\nepali_notetaker_project\nepali_notetaker_package\DataSet\asr_nepali_4\asr_nepali\data\4d\processed_wav\4d89f58421.wav,राजनीतिक उतार चढावसँगै
d:\nepali_notetaker_project\nepali_notetaker_package\DataSet\asr_nepali_4\asr_nepali\data\4d\processed_wav\4db7b9f205.wav,राजनीतिमा लागेको बताउनुहुन्छ
d:\nepali_notetaker_project\nepali_notetaker_package\DataSet\asr_nepali_4\asr_nepali\data\4d\processed_wav\4d6206647c.wav,राजस्थानका दुर्लभ
d:\nepali_notetaker_project\nepali_notetaker_package\DataSet\asr_nepali_4\asr_nepali\data\4d\processed_wav\4d2a2b56c5.wav,राज्य अमेरिकालगायत नेटो
d:\nepali_notetaker_project\nepali_notetaker_package\DataSet\asr_nepali_4\asr_nepali\data\4d\processed_wav\4d60de2a28.wav,राज्य वा क्षेत्रको नेतृत्व
d:\nepali_notetaker_project\nepali_notetaker_package\DataSet\asr_nepali_4\asr_nepali\data\4d\processed_wav\4dd3b8fa99.wav,राम्रो हुने थियो
d:\nepali_notetaker_project\nepali_notetaker_package\DataSet\asr_nepali_4\asr_nepali\data\4d\processed_wav\4dfa2ef5a1.wav,राष्ट्रपति जकाया किकवेते
d:\nepali_notetaker_project\nepali_notetaker_package\DataSet\asr_nepali_4\asr_nepali\data\4d\processed_wav\4dec900840.wav,राष्ट्रिय पार्टीले
d:\nepali_notetaker_project\nepali_notetaker_package\DataSet\asr_nepali_4\asr_nepali\data\4d\processed_wav\4dc566df68.wav,रूपमा परिवर्तन गरिन्
d:\nepali_notetaker_project\nepali_notetaker_package\DataSet\asr_nepali_4\asr_nepali\data\4d\processed_wav\4da3e138ea.wav,रूपमा लिइएको छ
d:\nepali_notetaker_project\nepali_notetaker_package\DataSet\asr_nepali_4\asr_nepali\data\4d\processed_wav\4d421f6583.wav,रोचक चित्रहरू खिच्न
d:\nepali_notetaker_project\nepali_notetaker_package\DataSet\asr_nepali_4\asr_nepali\data\4d\processed_wav\4d8e0f5826.wav,लगाउन सक्नेछ
d:\nepali_notetaker_project\nepali_notetaker_package\DataSet\asr_nepali_4\asr_nepali\data\4d\processed_wav\4d42507ef5.wav,लड्नु छ ती
d:\nepali_notetaker_project\nepali_notetaker_package\DataSet\asr_nepali_4\asr_nepali\data\4d\processed_wav\4d7b7513eb.wav,लन्डन र न्युयोर्क नगर
d:\nepali_notetaker_project\nepali_notetaker_package\DataSet\asr_nepali_4\asr_nepali\data\4d\processed_wav\4daed53efb.wav,लागि अघि बढ
d:\nepali_notetaker_project\nepali_notetaker_package\DataSet\asr_nepali_4\asr_nepali\data\4d\processed_wav\4d3184a295.wav,लागि एक फोन
d:\nepali_notetaker_project\nepali_notetaker_package\DataSet\asr_nepali_4\asr_nepali\data\4d\processed_wav\4dd2f3c739.wav,लागि गुठीको समेत
d:\nepali_notetaker_project\nepali_notetaker_package\DataSet\asr_nepali_4\asr_nepali\data\4d\processed_wav\4dc59e174d.wav,लिएर ९ दशमलव
d:\nepali_notetaker_project\nepali_notetaker_package\DataSet\asr_nepali_4\asr_nepali\data\4d\processed_wav\4dd0784d7f.wav,लेखनाथको पिँजराको सुगा
d:\nepali_notetaker_project\nepali_notetaker_package\DataSet\asr_nepali_4\asr_nepali\data\4d\processed_wav\4dacc72a71.wav,लेखनाथ र मेरा पिता
d:\nepali_notetaker_project\nepali_notetaker_package\DataSet\asr_nepali_4\asr_nepali\data\4d\processed_wav\4daf8a3c1a.wav,लेखिएको उपन्यास हो
d:\nepali_notetaker_project\nepali_notetaker_package\DataSet\asr_nepali_4\asr_nepali\data\4d\processed_wav\4d55a401e1.wav,लेखेको कुनै पुरानो
d:\nepali_notetaker_project\nepali_notetaker_package\DataSet\asr_nepali_4\asr_nepali\data\4d\processed_wav\4daddba922.wav,लेखेको सबै पाठहरू
d:\nepali_notetaker_project\nepali_notetaker_package\DataSet\asr_nepali_4\asr_nepali\data\4d\processed_wav\4d58e2946b.wav,लोकहित ट्रेड युनियन
d:\nepali_notetaker_project\nepali_notetaker_package\DataSet\asr_nepali_4\asr_nepali\data\4d\processed_wav\4dd8e9ec45.wav,ल्हासातिर मुख ताकेर
d:\nepali_notetaker_project\nepali_notetaker_package\DataSet\asr_nepali_4\asr_nepali\data\4d\processed_wav\4de2921e29.wav,वर्ष रातो मच्छिन्द्रनाथको
d:\nepali_notetaker_project\nepali_notetaker_package\DataSet\asr_nepali_4\asr_nepali\data\4d\processed_wav\4dd973bd43.wav,वा कुन इन्डेक्स
d:\nepali_notetaker_project\nepali_notetaker_package\DataSet\asr_nepali_4\asr_nepali\data\4d\processed_wav\4dc260140b.wav,वास्तविक अनुयायी हुन्
d:\nepali_notetaker_project\nepali_notetaker_package\DataSet\asr_nepali_4\asr_nepali\data\4d\processed_wav\4d00d16575.wav,विकट हिमाली दुर्गम
d:\nepali_notetaker_project\nepali_notetaker_package\DataSet\asr_nepali_4\asr_nepali\data\4d\processed_wav\4d4ffe316a.wav,विकल्प नपाएरै
d:\nepali_notetaker_project\nepali_notetaker_package\DataSet\asr_nepali_4\asr_nepali\data\4d\processed_wav\4d0b56fc7e.wav,विगतका सङ्घर्ष सम्झेर
d:\nepali_notetaker_project\nepali_notetaker_package\DataSet\asr_nepali_4\asr_nepali\data\4d\processed_wav\4df980d107.wav,विदेशीहरू पनि नेपाल
d:\nepali_notetaker_project\nepali_notetaker_package\DataSet\asr_nepali_4\asr_nepali\data\4d\processed_wav\4da3160aa3.wav,विद्यार्थीहरू अध्ययन गर्छन्
d:\nepali_notetaker_project\nepali_notetaker_package\DataSet\asr_nepali_4\asr_nepali\data\4d\processed_wav\4d8703fa3a.wav,विभक्त गरियोस् त
d:\nepali_notetaker_project\nepali_notetaker_package\DataSet\asr_nepali_4\asr_nepali\data\4d\processed_wav\4d4e380d6a.wav,विभिन्न अन्तर्राष्ट्रिय
d:\nepali_notetaker_project\nepali_notetaker_package\DataSet\asr_nepali_4\asr_nepali\data\4d\processed_wav\4d320e2c0a.wav,विभिन्न अवतारहरू
d:\nepali_notetaker_project\nepali_notetaker_package\DataSet\asr_nepali_4\asr_nepali\data\4d\processed_wav\4d8af284f2.wav,विभिन्न प्रजातिका रूख
d:\nepali_notetaker_project\nepali_notetaker_package\DataSet\asr_nepali_4\asr_nepali\data\4d\processed_wav\4dede8dde2.wav,विवाद आएपछि प्रचण्ड
d:\nepali_notetaker_project\nepali_notetaker_package\DataSet\asr_nepali_4\asr_nepali\data\4d\processed_wav\4dee74e4d6.wav,विशाल मस्जिद छ
d:\nepali_notetaker_project\nepali_notetaker_package\DataSet\asr_nepali_4\asr_nepali\data\4d\processed_wav\4d2372c568.wav,विशेषज्ञ त्यसको हाउससर्जन
d:\nepali_notetaker_project\nepali_notetaker_package\DataSet\asr_nepali_4\asr_nepali\data\4d\processed_wav\4d6b54e16e.wav,विशेष भनुँ वा
d:\nepali_notetaker_project\nepali_notetaker_package\DataSet\asr_nepali_4\asr_nepali\data\4d\processed_wav\4de5bd85d6.wav,विशेष रूपले
d:\nepali_notetaker_project\nepali_notetaker_package\DataSet\asr_nepali_4\asr_nepali\data\4d\processed_wav\4d1ac79a20.wav,विश्वकर्माले अत्यन्त श्रेष्ठ
d:\nepali_notetaker_project\nepali_notetaker_package\DataSet\asr_nepali_4\asr_nepali\data\4d\processed_wav\4dca253564.wav,विश्वास नै विजयीको कारण
d:\nepali_notetaker_project\nepali_notetaker_package\DataSet\asr_nepali_4\asr_nepali\data\4d\processed_wav\4d853071ea.wav,वुड्स वास्तवमा के
d:\nepali_notetaker_project\nepali_notetaker_package\DataSet\asr_nepali_4\asr_nepali\data\4d\processed_wav\4d77db2ab6.wav,वृहत मार्गको दबाव
d:\nepali_notetaker_project\nepali_notetaker_package\DataSet\asr_nepali_4\asr_nepali\data\4d\processed_wav\4dacc5cf39.wav,व्यक्तिले नभई इन्टरनेट
d:\nepali_notetaker_project\nepali_notetaker_package\DataSet\asr_nepali_4\asr_nepali\data\4d\processed_wav\4d07db0a42.wav,व्यक्तिहरूले लेखेका हुन्
d:\nepali_notetaker_project\nepali_notetaker_package\DataSet\asr_nepali_4\asr_nepali\data\4d\processed_wav\4df1c79665.wav,व्याकुल थिए
d:\nepali_notetaker_project\nepali_notetaker_package\DataSet\asr_nepali_4\asr_nepali\data\4d\processed_wav\4d3a9c9f7b.wav,व्यापार केन्द्र
d:\nepali_notetaker_project\nepali_notetaker_package\DataSet\asr_nepali_4\asr_nepali\data\4d\processed_wav\4d9f46fdd9.wav,व्यावहारिक रूपबाट सरकारको
d:\nepali_notetaker_project\nepali_notetaker_package\DataSet\asr_nepali_4\asr_nepali\data\4d\processed_wav\4d736e3af6.wav,शङ्कर केवल निर्विशेष
d:\nepali_notetaker_project\nepali_notetaker_package\DataSet\asr_nepali_4\asr_nepali\data\4d\processed_wav\4d1a18e3a7.wav,शिक्षित वैज्ञानिक एवं
d:\nepali_notetaker_project\nepali_notetaker_package\DataSet\asr_nepali_4\asr_nepali\data\4d\processed_wav\4d44ecfee4.wav,श्रमिक मजदूर
d:\nepali_notetaker_project\nepali_notetaker_package\DataSet\asr_nepali_4\asr_nepali\data\4d\processed_wav\4d6bc8e1bf.wav,श्लोकहरू सजावटको निमित्त
d:\nepali_notetaker_project\nepali_notetaker_package\DataSet\asr_nepali_4\asr_nepali\data\4d\processed_wav\4dad93da09.wav,षष्ठी व्रतको प्रसङ्ग
d:\nepali_notetaker_project\nepali_notetaker_package\DataSet\asr_nepali_4\asr_nepali\data\4d\processed_wav\4d3a64f350.wav,सङ्गीत दिवस मनाउन
d:\nepali_notetaker_project\nepali_notetaker_package\DataSet\asr_nepali_4\asr_nepali\data\4d\processed_wav\4da3612858.wav,सङ्घ देखिन्छ
d:\nepali_notetaker_project\nepali_notetaker_package\DataSet\asr_nepali_4\asr_nepali\data\4d\processed_wav\4d1236ec41.wav,सदरमुकाम खलङ्गादेखि
d:\nepali_notetaker_project\nepali_notetaker_package\DataSet\asr_nepali_4\asr_nepali\data\4d\processed_wav\4de8f34f96.wav,सदरमुकाम पनि हो
d:\nepali_notetaker_project\nepali_notetaker_package\DataSet\asr_nepali_4\asr_nepali\data\4d\processed_wav\4d71e0e5de.wav,सन्तुलनलाई सुनिश्चित गरे
d:\nepali_notetaker_project\nepali_notetaker_package\DataSet\asr_nepali_4\asr_nepali\data\4d\processed_wav\4d6631ec5b.wav,सप्तरी जिल्लाको तिलाठी
d:\nepali_notetaker_project\nepali_notetaker_package\DataSet\asr_nepali_4\asr_nepali\data\4d\processed_wav\4ddc0b186e.wav,सबैको कमी थियो
d:\nepali_notetaker_project\nepali_notetaker_package\DataSet\asr_nepali_4\asr_nepali\data\4d\processed_wav\4de3751119.wav,सबैभन्दा कलुषित अध्याय
d:\nepali_notetaker_project\nepali_notetaker_package\DataSet\asr_nepali_4\asr_nepali\data\4d\processed_wav\4de0d60ee3.wav,सबैभन्दा प्रमुख व्यक्तित्वको
d:\nepali_notetaker_project\nepali_notetaker_package\DataSet\asr_nepali_4\asr_nepali\data\4d\processed_wav\4d074502ea.wav,सबैलाई समेट्न सक्नुपर्ने
d:\nepali_notetaker_project\nepali_notetaker_package\DataSet\asr_nepali_4\asr_nepali\data\4d\processed_wav\4d1c9efd5d.wav,सभापति बनाइयो
d:\nepali_notetaker_project\nepali_notetaker_package\DataSet\asr_nepali_4\asr_nepali\data\4d\processed_wav\4dd5f9a53c.wav,समक्ष पुर्‍याउँछन्
d:\nepali_notetaker_project\nepali_notetaker_package\DataSet\asr_nepali_4\asr_nepali\data\4d\processed_wav\4db9975ec5.wav,समस्याको समाधान
d:\nepali_notetaker_project\nepali_notetaker_package\DataSet\asr_nepali_4\asr_nepali\data\4d\processed_wav\4d25ead0c8.wav,समानताको हकको बयान गर्दै
d:\nepali_notetaker_project\nepali_notetaker_package\DataSet\asr_nepali_4\asr_nepali\data\4d\processed_wav\4d63f3ef86.wav,समान व्यवहार गर्नुपर्छ
d:\nepali_notetaker_project\nepali_notetaker_package\DataSet\asr_nepali_4\asr_nepali\data\4d\processed_wav\4d61b39050.wav,समीक्षाहरू प्राप्त भए
d:\nepali_notetaker_project\nepali_notetaker_package\DataSet\asr_nepali_4\asr_nepali\data\4d\processed_wav\4dae7ab37c.wav,समेत नामाकरण छ
d:\nepali_notetaker_project\nepali_notetaker_package\DataSet\asr_nepali_4\asr_nepali\data\4d\processed_wav\4d6210e6cf.wav,समेत बनाएनन्
d:\nepali_notetaker_project\nepali_notetaker_package\DataSet\asr_nepali_4\asr_nepali\data\4d\processed_wav\4d406f3f67.wav,सम्पत्ति आर्जन गर्न
d:\nepali_notetaker_project\nepali_notetaker_package\DataSet\asr_nepali_4\asr_nepali\data\4d\processed_wav\4ddee9894d.wav,सम्पन्न राज्यको रूपमा
d:\nepali_notetaker_project\nepali_notetaker_package\DataSet\asr_nepali_4\asr_nepali\data\4d\processed_wav\4d0f41049c.wav,सम्भव छैन
d:\nepali_notetaker_project\nepali_notetaker_package\DataSet\asr_nepali_4\asr_nepali\data\4d\processed_wav\4deacf0854.wav,सम्भवत त्यसैको फाइदा
d:\nepali_notetaker_project\nepali_notetaker_package\DataSet\asr_nepali_4\asr_nepali\data\4d\processed_wav\4de3a7cffa.wav,सम्भव हुन सक्यो
d:\nepali_notetaker_project\nepali_notetaker_package\DataSet\asr_nepali_4\asr_nepali\data\4d\processed_wav\4dfed952b3.wav,सम्भावना देखिएको छ
d:\nepali_notetaker_project\nepali_notetaker_package\DataSet\asr_nepali_4\asr_nepali\data\4d\processed_wav\4d2c73800c.wav,सम्भावित दक्षिणी महाद्वीपलाई
d:\nepali_notetaker_project\nepali_notetaker_package\DataSet\asr_nepali_4\asr_nepali\data\4d\processed_wav\4dc1e17540.wav,सम्भावित पिता जेम्स
d:\nepali_notetaker_project\nepali_notetaker_package\DataSet\asr_nepali_4\asr_nepali\data\4d\processed_wav\4d97d79457.wav,सम्मान पाएका उहाँले
d:\nepali_notetaker_project\nepali_notetaker_package\DataSet\asr_nepali_4\asr_nepali\data\4d\processed_wav\4d03f1f7cb.wav,सरकारले जातीय विभेद
d:\nepali_notetaker_project\nepali_notetaker_package\DataSet\asr_nepali_4\asr_nepali\data\4d\processed_wav\4d4e9967e9.wav,सरकारले लगातार दुई
d:\nepali_notetaker_project\nepali_notetaker_package\DataSet\asr_nepali_4\asr_nepali\data\4d\processed_wav\4d5d0f0018.wav,सरकार विरोधी आन्दोलन
d:\nepali_notetaker_project\nepali_notetaker_package\DataSet\asr_nepali_4\asr_nepali\data\4d\processed_wav\4d387a4dc6.wav,सर्वाधिक जनसङ्ख्या
d:\nepali_notetaker_project\nepali_notetaker_package\DataSet\asr_nepali_4\asr_nepali\data\4d\processed_wav\4dc36006ba.wav,सहन नसकी
d:\nepali_notetaker_project\nepali_notetaker_package\DataSet\asr_nepali_4\asr_nepali\data\4d\processed_wav\4dabde4d1f.wav,सहयोगका लागि चौतारीमा
d:\nepali_notetaker_project\nepali_notetaker_package\DataSet\asr_nepali_4\asr_nepali\data\4d\processed_wav\4d03602394.wav,साथ गरिएको सन्धि
d:\nepali_notetaker_project\nepali_notetaker_package\DataSet\asr_nepali_4\asr_nepali\data\4d\processed_wav\4db023c3e1.wav,सानो भाइ थियो
d:\nepali_notetaker_project\nepali_notetaker_package\DataSet\asr_nepali_4\asr_nepali\data\4d\processed_wav\4dcf4e7af0.wav,साबित भए
d:\nepali_notetaker_project\nepali_notetaker_package\DataSet\asr_nepali_4\asr_nepali\data\4d\processed_wav\4d1baba2ee.wav,सालदेखि सञ्चालनमा आइरहेको छ
d:\nepali_notetaker_project\nepali_notetaker_package\DataSet\asr_nepali_4\asr_nepali\data\4d\processed_wav\4d11e4651d.wav,साहित्यका अन्य विधाजस्तै
d:\nepali_notetaker_project\nepali_notetaker_package\DataSet\asr_nepali_4\asr_nepali\data\4d\processed_wav\4d7fabc9a6.wav,साहित्य र पत्रकारितामा थियो
d:\nepali_notetaker_project\nepali_notetaker_package\DataSet\asr_nepali_4\asr_nepali\data\4d\processed_wav\4daa944fce.wav,सिकेको एउटै कुरा
d:\nepali_notetaker_project\nepali_notetaker_package\DataSet\asr_nepali_4\asr_nepali\data\4d\processed_wav\4d34302278.wav,सिक्किम हङकङ बेलायत
d:\nepali_notetaker_project\nepali_notetaker_package\DataSet\asr_nepali_4\asr_nepali\data\4d\processed_wav\4dc9f2a30d.wav,सिक्किम हङकङ बेलायत
d:\nepali_notetaker_project\nepali_notetaker_package\DataSet\asr_nepali_4\asr_nepali\data\4d\processed_wav\4dbc83fa34.wav,सिक्ख समाजले
d:\nepali_notetaker_project\nepali_notetaker_package\DataSet\asr_nepali_4\asr_nepali\data\4d\processed_wav\4d36830359.wav,सिपालु छन्
d:\nepali_notetaker_project\nepali_notetaker_package\DataSet\asr_nepali_4\asr_nepali\data\4d\processed_wav\4da200deac.wav,सिपिङ कम्पनीमा
d:\nepali_notetaker_project\nepali_notetaker_package\DataSet\asr_nepali_4\asr_nepali\data\4d\processed_wav\4d8e909076.wav,सिराहा जिल्लामा
d:\nepali_notetaker_project\nepali_notetaker_package\DataSet\asr_nepali_4\asr_nepali\data\4d\processed_wav\4db45c8946.wav,सिर्जनाहरू उनी पढ्थे
d:\nepali_notetaker_project\nepali_notetaker_package\DataSet\asr_nepali_4\asr_nepali\data\4d\processed_wav\4df8bcf07f.wav,सीमित छ
d:\nepali_notetaker_project\nepali_notetaker_package\DataSet\asr_nepali_4\asr_nepali\data\4d\processed_wav\4d3483f408.wav,सुत्ने छ
d:\nepali_notetaker_project\nepali_notetaker_package\DataSet\asr_nepali_4\asr_nepali\data\4d\processed_wav\4d446f975b.wav,सुपर क्लस्टरमा रहेका
d:\nepali_notetaker_project\nepali_notetaker_package\DataSet\asr_nepali_4\asr_nepali\data\4d\processed_wav\4d009bc8af.wav,सुरु हुन्छ यसको
d:\nepali_notetaker_project\nepali_notetaker_package\DataSet\asr_nepali_4\asr_nepali\data\4d\processed_wav\4da1b735d6.wav,सुरु हुँदै गर्दा
d:\nepali_notetaker_project\nepali_notetaker_package\DataSet\asr_nepali_4\asr_nepali\data\4d\processed_wav\4dabb50e4c.wav,सुल्झाउन सकिन्छ
d:\nepali_notetaker_project\nepali_notetaker_package\DataSet\asr_nepali_4\asr_nepali\data\4d\processed_wav\4dbd2021a7.wav,सूचकाङ्कमा नेपालको भ्रष्टाचार
d:\nepali_notetaker_project\nepali_notetaker_package\DataSet\asr_nepali_4\asr_nepali\data\4d\processed_wav\4dd096de77.wav,सूर्यदेखि प्रकाश
d:\nepali_notetaker_project\nepali_notetaker_package\DataSet\asr_nepali_4\asr_nepali\data\4d\processed_wav\4dc1d4ea02.wav,सृजना गर्ने कामबाट
d:\nepali_notetaker_project\nepali_notetaker_package\DataSet\asr_nepali_4\asr_nepali\data\4d\processed_wav\4da5771ba5.wav,सृष्टि हुन्छ
d:\nepali_notetaker_project\nepali_notetaker_package\DataSet\asr_nepali_4\asr_nepali\data\4d\processed_wav\4d11ef806c.wav,सेतो बाघ नेपालको
d:\nepali_notetaker_project\nepali_notetaker_package\DataSet\asr_nepali_4\asr_nepali\data\4d\processed_wav\4db09e2e0f.wav,सैनिक शासनले बर्मामा
d:\nepali_notetaker_project\nepali_notetaker_package\DataSet\asr_nepali_4\asr_nepali\data\4d\processed_wav\4dd71f7782.wav,सोच राख्नु पर्छ
d:\nepali_notetaker_project\nepali_notetaker_package\DataSet\asr_nepali_4\asr_nepali\data\4d\processed_wav\4dea133c54.wav,सो संहिता नजिकै
d:\nepali_notetaker_project\nepali_notetaker_package\DataSet\asr_nepali_4\asr_nepali\data\4d\processed_wav\4dbfcef53c.wav,संयुक्त प्रेस विज्ञप्ति
d:\nepali_notetaker_project\nepali_notetaker_package\DataSet\asr_nepali_4\asr_nepali\data\4d\processed_wav\4d001b4e5a.wav,संविधानको आठौँ अनुसूचीमा
d:\nepali_notetaker_project\nepali_notetaker_package\DataSet\asr_nepali_4\asr_nepali\data\4d\processed_wav\4d8666a5bc.wav,संस्कृतको बन्ध धातु
d:\nepali_notetaker_project\nepali_notetaker_package\DataSet\asr_nepali_4\asr_nepali\data\4d\processed_wav\4d3a49d846.wav,संस्कृतमा गहनाले सजिएको
d:\nepali_notetaker_project\nepali_notetaker_package\DataSet\asr_nepali_4\asr_nepali\data\4d\processed_wav\4d3bd9c68b.wav,स्थानहरू हुन्
d:\nepali_notetaker_project\nepali_notetaker_package\DataSet\asr_nepali_4\asr_nepali\data\4d\processed_wav\4d885d0440.wav,स्थापना कालदेखि बेलायतको
d:\nepali_notetaker_project\nepali_notetaker_package\DataSet\asr_nepali_4\asr_nepali\data\4d\processed_wav\4dac0cf338.wav,स्थापनाको सम्भावनाहरूको समर्थन
d:\nepali_notetaker_project\nepali_notetaker_package\DataSet\asr_nepali_4\asr_nepali\data\4d\processed_wav\4defb415c1.wav,स्पष्ट हुन्छ
d:\nepali_notetaker_project\nepali_notetaker_package\DataSet\asr_nepali_4\asr_nepali\data\4d\processed_wav\4ddfeb2b9d.wav,स्रोतबाट जम्मा गरियो
d:\nepali_notetaker_project\nepali_notetaker_package\DataSet\asr_nepali_4\asr_nepali\data\4d\processed_wav\4db0a258b0.wav,स्वादिलो बनाउँछ
d:\nepali_notetaker_project\nepali_notetaker_package\DataSet\asr_nepali_4\asr_nepali\data\4d\processed_wav\4d7a6e7f7e.wav,हजुरलाई पटक पटक
d:\nepali_notetaker_project\nepali_notetaker_package\DataSet\asr_nepali_4\asr_nepali\data\4d\processed_wav\4de4ce8c5c.wav,हातहरूलाई कानहरूसम्म उठाए
d:\nepali_notetaker_project\nepali_notetaker_package\DataSet\asr_nepali_4\asr_nepali\data\4d\processed_wav\4d5bc2a34d.wav,हामीले लोकमा बुद्ध
d:\nepali_notetaker_project\nepali_notetaker_package\DataSet\asr_nepali_4\asr_nepali\data\4d\processed_wav\4df2e9fb65.wav,हाम्रो मिल्की वे ग्यालेक्सी
d:\nepali_notetaker_project\nepali_notetaker_package\DataSet\asr_nepali_4\asr_nepali\data\4d\processed_wav\4d98741a03.wav,हाल पनि कुमरखोद
d:\nepali_notetaker_project\nepali_notetaker_package\DataSet\asr_nepali_4\asr_nepali\data\4d\processed_wav\4d5bf21a06.wav,हालैका खगोल भौतिक
d:\nepali_notetaker_project\nepali_notetaker_package\DataSet\asr_nepali_4\asr_nepali\data\4d\processed_wav\4d849053c3.wav,हाँस चाँचर साना फिस्टा
d:\nepali_notetaker_project\nepali_notetaker_package\DataSet\asr_nepali_4\asr_nepali\data\4d\processed_wav\4dc78d4817.wav,हिल प्रिनिया भनिन्छ
d:\nepali_notetaker_project\nepali_notetaker_package\DataSet\asr_nepali_4\asr_nepali\data\4d\processed_wav\4d1e30407e.wav,हुनाले यो देशको
d:\nepali_notetaker_project\nepali_notetaker_package\DataSet\asr_nepali_4\asr_nepali\data\4d\processed_wav\4d14918a36.wav,हुने अति सुन्दर
d:\nepali_notetaker_project\nepali_notetaker_package\DataSet\asr_nepali_4\asr_nepali\data\4d\processed_wav\4d9c2cdc8d.wav,हो जसले यसका
d:\nepali_notetaker_project\nepali_notetaker_package\DataSet\asr_nepali_4\asr_nepali\data\4d\processed_wav\4dd1bfb9f8.wav,ह्रास आयो
